2024-10-30 22:52:41,345 - INFO - Using Apple M-series GPU (MPS)
2024-10-30 22:52:47,545 - INFO - 
Device Information:
------------------
PyTorch Version: 2.4.1
System: Darwin
Processor: arm
CUDA Available: False
MPS Available: True
Selected Device: mps

2024-10-30 22:53:04,174 - INFO - Processing Table 1
2024-10-30 22:53:05,566 - ERROR - Error processing table 1: The identified boxes have significant overlap: 154.13% of area is overlapping (Max is 90.00%)
2024-10-30 22:53:05,566 - INFO - Processing Table 2
2024-10-30 22:53:06,110 - WARNING - Table 2 rejected: Does not meet criteria
2024-10-30 22:53:06,110 - INFO - Processing Table 3
2024-10-30 22:53:06,644 - WARNING - Table 3 rejected: Does not meet criteria
2024-10-30 22:53:06,644 - INFO - Processing Table 4
2024-10-30 22:53:07,076 - WARNING - Applied processor reduces input query to empty string, all comparisons will have score 0. [Query: '']
2024-10-30 22:53:07,076 - WARNING - Applied processor reduces input query to empty string, all comparisons will have score 0. [Query: '']
2024-10-30 22:53:07,076 - WARNING - Table 4 rejected: Does not meet criteria
2024-10-30 22:53:07,076 - INFO - Processing Table 5
2024-10-30 22:53:07,428 - WARNING - Applied processor reduces input query to empty string, all comparisons will have score 0. [Query: '']
2024-10-30 22:53:07,428 - WARNING - Applied processor reduces input query to empty string, all comparisons will have score 0. [Query: '']
2024-10-30 22:53:07,428 - WARNING - Table 5 rejected: Does not meet criteria
2024-10-30 22:53:07,428 - INFO - Processing Table 6
2024-10-30 22:53:07,604 - WARNING - Table 6 rejected: Does not meet criteria
2024-10-30 22:53:07,604 - INFO - Processing Table 7
2024-10-30 22:53:07,870 - WARNING - Applied processor reduces input query to empty string, all comparisons will have score 0. [Query: '']
2024-10-30 22:53:07,870 - WARNING - Applied processor reduces input query to empty string, all comparisons will have score 0. [Query: '']
2024-10-30 22:53:07,870 - WARNING - Table 7 rejected: Does not meet criteria
2024-10-30 22:53:07,870 - INFO - Processing Table 8
2024-10-30 22:53:08,047 - WARNING - Applied processor reduces input query to empty string, all comparisons will have score 0. [Query: '']
2024-10-30 22:53:08,047 - WARNING - Applied processor reduces input query to empty string, all comparisons will have score 0. [Query: '']
2024-10-30 22:53:08,048 - WARNING - Table 8 rejected: Does not meet criteria
2024-10-30 22:53:08,048 - INFO - Processing Table 9
2024-10-30 22:53:08,375 - WARNING - Table 9 rejected: Does not meet criteria
2024-10-30 22:53:08,375 - INFO - Processing Table 10
2024-10-30 22:53:08,661 - WARNING - Table 10 rejected: Does not meet criteria
2024-10-30 22:53:08,661 - INFO - Processing Table 11
2024-10-30 22:53:08,980 - WARNING - Table 11 rejected: Does not meet criteria
2024-10-30 22:53:08,980 - INFO - Processing Table 12
2024-10-30 22:53:09,297 - WARNING - Table 12 rejected: Does not meet criteria
2024-10-30 22:53:09,297 - INFO - Processing Table 13
2024-10-30 22:53:09,581 - WARNING - Table 13 rejected: Does not meet criteria
2024-10-30 22:53:09,581 - INFO - Processing Table 14
2024-10-30 22:53:09,769 - WARNING - Table 14 rejected: Does not meet criteria
2024-10-30 22:53:09,769 - INFO - Processing Table 15
2024-10-30 22:53:09,863 - WARNING - Applied processor reduces input query to empty string, all comparisons will have score 0. [Query: '']
2024-10-30 22:53:09,863 - WARNING - Applied processor reduces input query to empty string, all comparisons will have score 0. [Query: '']
2024-10-30 22:53:09,864 - WARNING - Table 15 rejected: Does not meet criteria
2024-10-30 22:53:09,864 - INFO - Processing Table 16
2024-10-30 22:53:10,033 - WARNING - Applied processor reduces input query to empty string, all comparisons will have score 0. [Query: '']
2024-10-30 22:53:10,033 - WARNING - Applied processor reduces input query to empty string, all comparisons will have score 0. [Query: '']
2024-10-30 22:53:10,033 - WARNING - Table 16 rejected: Does not meet criteria
2024-10-30 22:53:10,033 - INFO - Processing Table 17
2024-10-30 22:53:10,163 - WARNING - Applied processor reduces input query to empty string, all comparisons will have score 0. [Query: '']
2024-10-30 22:53:10,164 - WARNING - Applied processor reduces input query to empty string, all comparisons will have score 0. [Query: '']
2024-10-30 22:53:10,164 - WARNING - Table 17 rejected: Does not meet criteria
2024-10-30 22:53:10,164 - INFO - Processing Table 18
2024-10-30 22:53:10,266 - WARNING - Table 18 rejected: Does not meet criteria
2024-10-30 22:53:10,266 - INFO - Processing Table 19
2024-10-30 22:53:10,502 - WARNING - Applied processor reduces input query to empty string, all comparisons will have score 0. [Query: '']
2024-10-30 22:53:10,502 - WARNING - Applied processor reduces input query to empty string, all comparisons will have score 0. [Query: '']
2024-10-30 22:53:10,503 - WARNING - Table 19 rejected: Does not meet criteria
2024-10-30 22:53:10,503 - INFO - Processing Table 20
2024-10-30 22:53:10,581 - WARNING - Table 20 rejected: Does not meet criteria
2024-10-30 22:53:10,581 - INFO - Processing Table 21
2024-10-30 22:53:10,849 - WARNING - Applied processor reduces input query to empty string, all comparisons will have score 0. [Query: '']
2024-10-30 22:53:10,849 - WARNING - Applied processor reduces input query to empty string, all comparisons will have score 0. [Query: '']
2024-10-30 22:53:10,850 - WARNING - Table 21 rejected: Does not meet criteria
2024-10-30 22:53:10,850 - INFO - Processing Table 22
2024-10-30 22:53:11,052 - WARNING - Table 22 rejected: Does not meet criteria
2024-10-30 22:53:11,052 - INFO - Processing Table 23
2024-10-30 22:53:11,242 - WARNING - Applied processor reduces input query to empty string, all comparisons will have score 0. [Query: '']
2024-10-30 22:53:11,242 - WARNING - Applied processor reduces input query to empty string, all comparisons will have score 0. [Query: '']
2024-10-30 22:53:11,242 - WARNING - Table 23 rejected: Does not meet criteria
2024-10-30 22:53:11,242 - INFO - Processing Table 24
2024-10-30 22:53:11,384 - WARNING - Applied processor reduces input query to empty string, all comparisons will have score 0. [Query: '']
2024-10-30 22:53:11,384 - WARNING - Applied processor reduces input query to empty string, all comparisons will have score 0. [Query: '']
2024-10-30 22:53:11,385 - WARNING - Table 24 rejected: Does not meet criteria
2024-10-30 22:53:11,385 - INFO - Processing Table 25
2024-10-30 22:53:11,669 - WARNING - Applied processor reduces input query to empty string, all comparisons will have score 0. [Query: '']
2024-10-30 22:53:11,669 - WARNING - Applied processor reduces input query to empty string, all comparisons will have score 0. [Query: '']
2024-10-30 22:53:11,670 - WARNING - Table 25 rejected: Does not meet criteria
2024-10-30 22:53:11,670 - INFO - Processing Table 26
2024-10-30 22:53:11,851 - WARNING - Applied processor reduces input query to empty string, all comparisons will have score 0. [Query: '']
2024-10-30 22:53:11,851 - WARNING - Table 26 rejected: Does not meet criteria
2024-10-30 22:53:11,851 - INFO - Processing Table 27
2024-10-30 22:53:12,196 - WARNING - Table 27 rejected: Does not meet criteria
2024-10-30 22:53:12,196 - INFO - Processing Table 28
2024-10-30 22:53:12,334 - WARNING - Applied processor reduces input query to empty string, all comparisons will have score 0. [Query: '']
2024-10-30 22:53:12,334 - WARNING - Applied processor reduces input query to empty string, all comparisons will have score 0. [Query: '']
2024-10-30 22:53:12,334 - WARNING - Applied processor reduces input query to empty string, all comparisons will have score 0. [Query: '']
2024-10-30 22:53:12,334 - WARNING - Table 28 rejected: Does not meet criteria
2024-10-30 22:53:12,334 - INFO - Processing Table 29
2024-10-30 22:53:12,635 - WARNING - Applied processor reduces input query to empty string, all comparisons will have score 0. [Query: '']
2024-10-30 22:53:12,635 - WARNING - Applied processor reduces input query to empty string, all comparisons will have score 0. [Query: '']
2024-10-30 22:53:12,635 - WARNING - Applied processor reduces input query to empty string, all comparisons will have score 0. [Query: '']
2024-10-30 22:53:12,635 - WARNING - Table 29 rejected: Does not meet criteria
2024-10-30 22:53:12,635 - INFO - Processing Table 30
2024-10-30 22:53:12,837 - WARNING - Applied processor reduces input query to empty string, all comparisons will have score 0. [Query: '']
2024-10-30 22:53:12,838 - WARNING - Table 30 rejected: Does not meet criteria
2024-10-30 22:53:12,838 - INFO - Processing Table 31
2024-10-30 22:53:12,960 - WARNING - Applied processor reduces input query to empty string, all comparisons will have score 0. [Query: '']
2024-10-30 22:53:12,960 - WARNING - Applied processor reduces input query to empty string, all comparisons will have score 0. [Query: '']
2024-10-30 22:53:12,960 - WARNING - Table 31 rejected: Does not meet criteria
2024-10-30 22:53:12,960 - INFO - Processing Table 32
2024-10-30 22:53:13,127 - WARNING - Applied processor reduces input query to empty string, all comparisons will have score 0. [Query: '']
2024-10-30 22:53:13,127 - WARNING - Applied processor reduces input query to empty string, all comparisons will have score 0. [Query: '']
2024-10-30 22:53:13,128 - WARNING - Table 32 rejected: Does not meet criteria
2024-10-30 22:53:13,128 - INFO - Processing Table 33
2024-10-30 22:53:13,500 - WARNING - Applied processor reduces input query to empty string, all comparisons will have score 0. [Query: '']
2024-10-30 22:53:13,500 - WARNING - Table 33 rejected: Does not meet criteria
2024-10-30 22:53:13,500 - INFO - Processing Table 34
2024-10-30 22:53:13,801 - WARNING - Applied processor reduces input query to empty string, all comparisons will have score 0. [Query: '']
2024-10-30 22:53:13,801 - WARNING - Table 34 rejected: Does not meet criteria
2024-10-30 22:53:13,801 - INFO - Processing Table 35
2024-10-30 22:53:13,993 - WARNING - Table 35 rejected: Does not meet criteria
2024-10-30 22:53:13,993 - INFO - Processing Table 36
2024-10-30 22:53:14,191 - WARNING - Applied processor reduces input query to empty string, all comparisons will have score 0. [Query: '']
2024-10-30 22:53:14,192 - WARNING - Applied processor reduces input query to empty string, all comparisons will have score 0. [Query: '']
2024-10-30 22:53:14,192 - WARNING - Table 36 rejected: Does not meet criteria
2024-10-30 22:53:14,192 - INFO - Processing Table 37
2024-10-30 22:53:14,466 - WARNING - Applied processor reduces input query to empty string, all comparisons will have score 0. [Query: '']
2024-10-30 22:53:14,466 - WARNING - Applied processor reduces input query to empty string, all comparisons will have score 0. [Query: '']
2024-10-30 22:53:14,466 - WARNING - Table 37 rejected: Does not meet criteria
2024-10-30 22:53:14,466 - INFO - Processing Table 38
2024-10-30 22:53:14,679 - WARNING - Applied processor reduces input query to empty string, all comparisons will have score 0. [Query: '']
2024-10-30 22:53:14,679 - WARNING - Applied processor reduces input query to empty string, all comparisons will have score 0. [Query: '']
2024-10-30 22:53:14,679 - WARNING - Table 38 rejected: Does not meet criteria
2024-10-30 22:53:14,679 - INFO - Processing Table 39
2024-10-30 22:53:15,056 - WARNING - Applied processor reduces input query to empty string, all comparisons will have score 0. [Query: '']
2024-10-30 22:53:15,056 - WARNING - Applied processor reduces input query to empty string, all comparisons will have score 0. [Query: '']
2024-10-30 22:53:15,057 - WARNING - Table 39 rejected: Does not meet criteria
2024-10-30 22:53:15,057 - INFO - Processing Table 40
2024-10-30 22:53:15,341 - WARNING - Applied processor reduces input query to empty string, all comparisons will have score 0. [Query: '']
2024-10-30 22:53:15,341 - WARNING - Applied processor reduces input query to empty string, all comparisons will have score 0. [Query: '']
2024-10-30 22:53:15,342 - WARNING - Table 40 rejected: Does not meet criteria
2024-10-30 22:53:15,342 - INFO - Processing Table 41
2024-10-30 22:53:15,582 - WARNING - Applied processor reduces input query to empty string, all comparisons will have score 0. [Query: '']
2024-10-30 22:53:15,582 - WARNING - Applied processor reduces input query to empty string, all comparisons will have score 0. [Query: '']
2024-10-30 22:53:15,582 - WARNING - Table 41 rejected: Does not meet criteria
2024-10-30 22:53:15,582 - INFO - Processing Table 42
2024-10-30 22:53:15,849 - WARNING - Applied processor reduces input query to empty string, all comparisons will have score 0. [Query: '']
2024-10-30 22:53:15,849 - WARNING - Applied processor reduces input query to empty string, all comparisons will have score 0. [Query: '']
2024-10-30 22:53:15,849 - WARNING - Table 42 rejected: Does not meet criteria
2024-10-30 22:53:15,849 - INFO - Processing Table 43
2024-10-30 22:53:16,024 - WARNING - Applied processor reduces input query to empty string, all comparisons will have score 0. [Query: '']
2024-10-30 22:53:16,024 - WARNING - Applied processor reduces input query to empty string, all comparisons will have score 0. [Query: '']
2024-10-30 22:53:16,024 - WARNING - Table 43 rejected: Does not meet criteria
2024-10-30 22:53:16,024 - INFO - Processing Table 44
2024-10-30 22:53:16,402 - WARNING - Table 44 rejected: Does not meet criteria
2024-10-30 22:53:16,402 - INFO - Processing Table 45
2024-10-30 22:53:16,497 - WARNING - Applied processor reduces input query to empty string, all comparisons will have score 0. [Query: '']
2024-10-30 22:53:16,497 - WARNING - Applied processor reduces input query to empty string, all comparisons will have score 0. [Query: '']
2024-10-30 22:53:16,497 - WARNING - Applied processor reduces input query to empty string, all comparisons will have score 0. [Query: '']
2024-10-30 22:53:16,497 - WARNING - Table 45 rejected: Does not meet criteria
2024-10-30 22:53:16,497 - INFO - Processing Table 46
2024-10-30 22:53:16,765 - ERROR - Error processing table 46: The identified boxes have significant overlap: 135.07% of area is overlapping (Max is 90.00%)
2024-10-30 22:53:16,765 - INFO - Processing Table 47
2024-10-30 22:53:17,118 - WARNING - Applied processor reduces input query to empty string, all comparisons will have score 0. [Query: '']
2024-10-30 22:53:17,118 - WARNING - Table 47 rejected: Does not meet criteria
2024-10-30 22:53:17,118 - INFO - Processing Table 48
2024-10-30 22:53:17,403 - WARNING - Applied processor reduces input query to empty string, all comparisons will have score 0. [Query: '']
2024-10-30 22:53:17,403 - WARNING - Applied processor reduces input query to empty string, all comparisons will have score 0. [Query: '']
2024-10-30 22:53:17,404 - WARNING - Table 48 rejected: Does not meet criteria
2024-10-30 22:53:17,404 - INFO - Processing Table 49
2024-10-30 22:53:17,692 - WARNING - Applied processor reduces input query to empty string, all comparisons will have score 0. [Query: '']
2024-10-30 22:53:17,692 - WARNING - Applied processor reduces input query to empty string, all comparisons will have score 0. [Query: '']
2024-10-30 22:53:17,692 - WARNING - Table 49 rejected: Does not meet criteria
2024-10-30 22:53:17,692 - INFO - Processing Table 50
2024-10-30 22:53:18,032 - WARNING - Applied processor reduces input query to empty string, all comparisons will have score 0. [Query: '']
2024-10-30 22:53:18,033 - WARNING - Applied processor reduces input query to empty string, all comparisons will have score 0. [Query: '']
2024-10-30 22:53:18,033 - WARNING - Table 50 rejected: Does not meet criteria
2024-10-30 22:53:18,033 - INFO - Processing Table 51
2024-10-30 22:53:18,125 - WARNING - Table 51 rejected: Does not meet criteria
2024-10-30 22:53:18,125 - INFO - Processing Table 52
2024-10-30 22:53:18,472 - WARNING - Applied processor reduces input query to empty string, all comparisons will have score 0. [Query: '']
2024-10-30 22:53:18,472 - WARNING - Applied processor reduces input query to empty string, all comparisons will have score 0. [Query: '']
2024-10-30 22:53:18,473 - WARNING - Table 52 rejected: Does not meet criteria
2024-10-30 22:53:18,473 - INFO - Processing Table 53
2024-10-30 22:53:18,724 - WARNING - Applied processor reduces input query to empty string, all comparisons will have score 0. [Query: '']
2024-10-30 22:53:18,724 - WARNING - Applied processor reduces input query to empty string, all comparisons will have score 0. [Query: '']
2024-10-30 22:53:18,724 - WARNING - Table 53 rejected: Does not meet criteria
2024-10-30 22:53:18,724 - INFO - Processing Table 54
2024-10-30 22:53:18,824 - WARNING - Table 54 rejected: Does not meet criteria
2024-10-30 22:53:18,824 - INFO - Processing Table 55
2024-10-30 22:53:19,012 - WARNING - Applied processor reduces input query to empty string, all comparisons will have score 0. [Query: '']
2024-10-30 22:53:19,013 - WARNING - Table 55 rejected: Does not meet criteria
2024-10-30 22:53:19,013 - INFO - Processing Table 56
2024-10-30 22:53:19,085 - WARNING - Applied processor reduces input query to empty string, all comparisons will have score 0. [Query: '']
2024-10-30 22:53:19,086 - WARNING - Applied processor reduces input query to empty string, all comparisons will have score 0. [Query: '']
2024-10-30 22:53:19,086 - WARNING - Table 56 rejected: Does not meet criteria
2024-10-30 22:53:19,086 - INFO - Processing Table 57
2024-10-30 22:53:19,245 - WARNING - Applied processor reduces input query to empty string, all comparisons will have score 0. [Query: '']
2024-10-30 22:53:19,245 - WARNING - Applied processor reduces input query to empty string, all comparisons will have score 0. [Query: '']
2024-10-30 22:53:19,245 - WARNING - Applied processor reduces input query to empty string, all comparisons will have score 0. [Query: '']
2024-10-30 22:53:19,245 - WARNING - Table 57 rejected: Does not meet criteria
2024-10-30 22:53:19,245 - INFO - Processing Table 58
2024-10-30 22:53:19,356 - WARNING - Applied processor reduces input query to empty string, all comparisons will have score 0. [Query: '']
2024-10-30 22:53:19,356 - WARNING - Applied processor reduces input query to empty string, all comparisons will have score 0. [Query: '']
2024-10-30 22:53:19,356 - WARNING - Table 58 rejected: Does not meet criteria
2024-10-30 22:53:19,356 - INFO - Processing Table 59
2024-10-30 22:53:19,599 - WARNING - Applied processor reduces input query to empty string, all comparisons will have score 0. [Query: '']
2024-10-30 22:53:19,599 - WARNING - Applied processor reduces input query to empty string, all comparisons will have score 0. [Query: '']
2024-10-30 22:53:19,601 - WARNING - Table 59 rejected: Does not meet criteria
2024-10-30 22:53:19,601 - INFO - Processing Table 60
2024-10-30 22:53:19,829 - WARNING - Table 60 rejected: Does not meet criteria
2024-10-30 22:53:19,829 - INFO - Processing Table 61
2024-10-30 22:53:19,950 - WARNING - Applied processor reduces input query to empty string, all comparisons will have score 0. [Query: '']
2024-10-30 22:53:19,954 - WARNING - Table 61 rejected: Does not meet criteria
2024-10-30 22:53:19,954 - INFO - Processing Table 62
2024-10-30 22:53:20,138 - WARNING - Applied processor reduces input query to empty string, all comparisons will have score 0. [Query: '']
2024-10-30 22:53:20,138 - WARNING - Applied processor reduces input query to empty string, all comparisons will have score 0. [Query: '']
2024-10-30 22:53:20,139 - WARNING - Applied processor reduces input query to empty string, all comparisons will have score 0. [Query: '']
2024-10-30 22:53:20,139 - WARNING - Applied processor reduces input query to empty string, all comparisons will have score 0. [Query: '']
2024-10-30 22:53:20,143 - INFO - Table 62 saved as table_1.csv
2024-10-30 22:53:20,143 - INFO - Processing Table 63
2024-10-30 22:53:20,386 - WARNING - Applied processor reduces input query to empty string, all comparisons will have score 0. [Query: '']
2024-10-30 22:53:20,386 - WARNING - Applied processor reduces input query to empty string, all comparisons will have score 0. [Query: '']
2024-10-30 22:53:20,388 - WARNING - Table 63 rejected: Does not meet criteria
2024-10-30 22:53:20,393 - INFO - Processing Table 64
2024-10-30 22:53:20,685 - WARNING - Table 64 rejected: Does not meet criteria
2024-10-30 22:53:20,685 - INFO - Processing Table 65
2024-10-30 22:53:20,963 - WARNING - Applied processor reduces input query to empty string, all comparisons will have score 0. [Query: '']
2024-10-30 22:53:20,965 - WARNING - Table 65 rejected: Does not meet criteria
2024-10-30 22:53:20,965 - INFO - Processing Table 66
2024-10-30 22:53:21,222 - WARNING - Table 66 rejected: Does not meet criteria
2024-10-30 22:53:21,222 - INFO - Processing Table 67
2024-10-30 22:53:21,612 - WARNING - Table 67 rejected: Does not meet criteria
2024-10-30 22:53:21,612 - INFO - Processing Table 68
2024-10-30 22:53:21,977 - WARNING - Table 68 rejected: Does not meet criteria
2024-10-30 22:53:21,977 - INFO - Processing Table 69
2024-10-30 22:53:22,094 - WARNING - Table 69 rejected: Does not meet criteria
2024-10-30 22:53:22,094 - INFO - Processing Table 70
2024-10-30 22:53:22,324 - INFO - Table 70 saved as table_2.csv
2024-10-30 22:53:22,324 - INFO - Processing Table 71
2024-10-30 22:53:22,395 - INFO - Table 71 saved as table_3.csv
2024-10-30 22:53:22,395 - INFO - Processing Table 72
2024-10-30 22:53:22,495 - WARNING - Applied processor reduces input query to empty string, all comparisons will have score 0. [Query: '%']
2024-10-30 22:53:22,496 - WARNING - Table 72 rejected: Does not meet criteria
2024-10-30 22:53:22,496 - INFO - Processing Table 73
2024-10-30 22:53:22,599 - WARNING - Applied processor reduces input query to empty string, all comparisons will have score 0. [Query: '%']
2024-10-30 22:53:22,601 - INFO - Table 73 saved as table_4.csv
2024-10-30 22:53:22,601 - INFO - Processing Table 74
2024-10-30 22:53:22,735 - INFO - Table 74 saved as table_5.csv
2024-10-30 22:53:22,735 - INFO - Processing Table 75
2024-10-30 22:53:22,801 - INFO - Table 75 saved as table_6.csv
2024-10-30 22:53:22,801 - INFO - Processing Table 76
2024-10-30 22:53:23,044 - WARNING - Applied processor reduces input query to empty string, all comparisons will have score 0. [Query: '']
2024-10-30 22:53:23,045 - WARNING - Applied processor reduces input query to empty string, all comparisons will have score 0. [Query: '']
2024-10-30 22:53:23,048 - INFO - Table 76 saved as table_7.csv
2024-10-30 22:53:23,048 - INFO - Processing Table 77
2024-10-30 22:53:23,243 - WARNING - Table 77 rejected: Does not meet criteria
2024-10-30 22:53:23,243 - INFO - Processing Table 78
2024-10-30 22:53:23,415 - WARNING - Table 78 rejected: Does not meet criteria
2024-10-30 22:53:23,415 - INFO - Processing Table 79
2024-10-30 22:53:23,765 - WARNING - Applied processor reduces input query to empty string, all comparisons will have score 0. [Query: '']
2024-10-30 22:53:23,765 - WARNING - Applied processor reduces input query to empty string, all comparisons will have score 0. [Query: '']
2024-10-30 22:53:23,765 - WARNING - Applied processor reduces input query to empty string, all comparisons will have score 0. [Query: '']
2024-10-30 22:53:23,765 - WARNING - Applied processor reduces input query to empty string, all comparisons will have score 0. [Query: '']
2024-10-30 22:53:23,766 - WARNING - Table 79 rejected: Does not meet criteria
2024-10-30 22:53:23,766 - INFO - Processing Table 80
2024-10-30 22:53:23,922 - WARNING - Table 80 rejected: Does not meet criteria
2024-10-30 22:53:23,922 - INFO - Processing Table 81
2024-10-30 22:53:24,292 - WARNING - Applied processor reduces input query to empty string, all comparisons will have score 0. [Query: '']
2024-10-30 22:53:24,292 - WARNING - Applied processor reduces input query to empty string, all comparisons will have score 0. [Query: '']
2024-10-30 22:53:24,292 - WARNING - Table 81 rejected: Does not meet criteria
2024-10-30 22:53:24,292 - INFO - Processing Table 82
2024-10-30 22:53:24,517 - WARNING - Applied processor reduces input query to empty string, all comparisons will have score 0. [Query: '']
2024-10-30 22:53:24,517 - WARNING - Table 82 rejected: Does not meet criteria
2024-10-30 22:53:24,517 - INFO - Processing Table 83
2024-10-30 22:53:24,697 - WARNING - Table 83 rejected: Does not meet criteria
2024-10-30 22:53:24,697 - INFO - Processing Table 84
2024-10-30 22:53:25,043 - WARNING - Table 84 rejected: Does not meet criteria
2024-10-30 22:53:25,043 - INFO - Processing Table 85
2024-10-30 22:53:25,358 - WARNING - Applied processor reduces input query to empty string, all comparisons will have score 0. [Query: '']
2024-10-30 22:53:25,358 - WARNING - Applied processor reduces input query to empty string, all comparisons will have score 0. [Query: '']
2024-10-30 22:53:25,358 - WARNING - Applied processor reduces input query to empty string, all comparisons will have score 0. [Query: '']
2024-10-30 22:53:25,358 - WARNING - Table 85 rejected: Does not meet criteria
2024-10-30 22:53:25,358 - INFO - Processing Table 86
2024-10-30 22:53:25,607 - WARNING - Applied processor reduces input query to empty string, all comparisons will have score 0. [Query: '']
2024-10-30 22:53:25,607 - WARNING - Applied processor reduces input query to empty string, all comparisons will have score 0. [Query: '']
2024-10-30 22:53:25,607 - WARNING - Table 86 rejected: Does not meet criteria
2024-10-30 22:53:25,607 - INFO - Processing Table 87
2024-10-30 22:53:25,780 - WARNING - Applied processor reduces input query to empty string, all comparisons will have score 0. [Query: '']
2024-10-30 22:53:25,780 - WARNING - Applied processor reduces input query to empty string, all comparisons will have score 0. [Query: '']
2024-10-30 22:53:25,780 - WARNING - Applied processor reduces input query to empty string, all comparisons will have score 0. [Query: '']
2024-10-30 22:53:25,780 - WARNING - Table 87 rejected: Does not meet criteria
2024-10-30 22:53:25,780 - INFO - Processing Table 88
2024-10-30 22:53:26,001 - WARNING - Applied processor reduces input query to empty string, all comparisons will have score 0. [Query: '']
2024-10-30 22:53:26,001 - WARNING - Table 88 rejected: Does not meet criteria
2024-10-30 22:53:26,001 - INFO - Processing Table 89
2024-10-30 22:53:26,098 - WARNING - Applied processor reduces input query to empty string, all comparisons will have score 0. [Query: '']
2024-10-30 22:53:26,098 - WARNING - Applied processor reduces input query to empty string, all comparisons will have score 0. [Query: '']
2024-10-30 22:53:26,098 - WARNING - Table 89 rejected: Does not meet criteria
2024-10-30 22:53:26,098 - INFO - Processing Table 90
2024-10-30 22:53:26,391 - WARNING - Applied processor reduces input query to empty string, all comparisons will have score 0. [Query: '']
2024-10-30 22:53:26,391 - WARNING - Applied processor reduces input query to empty string, all comparisons will have score 0. [Query: '']
2024-10-30 22:53:26,391 - WARNING - Table 90 rejected: Does not meet criteria
2024-10-30 22:53:26,391 - INFO - Processing Table 91
2024-10-30 22:53:26,487 - WARNING - Applied processor reduces input query to empty string, all comparisons will have score 0. [Query: '']
2024-10-30 22:53:26,487 - WARNING - Applied processor reduces input query to empty string, all comparisons will have score 0. [Query: '']
2024-10-30 22:53:26,487 - WARNING - Table 91 rejected: Does not meet criteria
2024-10-30 22:53:26,487 - INFO - Processing complete. 7 valid tables saved.
2024-10-30 22:56:06,214 - INFO - 
Device Information:
------------------
PyTorch Version: 2.4.1
System: Darwin
Processor: arm
CUDA Available: False
MPS Available: True
Selected Device: mps

2024-10-30 22:56:12,913 - INFO - Processing Table 1
2024-10-30 22:56:13,212 - ERROR - Error processing table 1: The identified boxes have significant overlap: 154.13% of area is overlapping (Max is 90.00%)
2024-10-30 22:56:13,212 - INFO - Processing Table 2
2024-10-30 22:56:13,475 - WARNING - Table 2 rejected: Does not meet criteria
2024-10-30 22:56:13,476 - INFO - Processing Table 3
2024-10-30 22:56:13,721 - WARNING - Table 3 rejected: Does not meet criteria
2024-10-30 22:56:13,721 - INFO - Processing Table 4
2024-10-30 22:56:13,959 - WARNING - Applied processor reduces input query to empty string, all comparisons will have score 0. [Query: '']
2024-10-30 22:56:13,959 - WARNING - Applied processor reduces input query to empty string, all comparisons will have score 0. [Query: '']
2024-10-30 22:56:13,960 - WARNING - Table 4 rejected: Does not meet criteria
2024-10-30 22:56:13,960 - INFO - Processing Table 5
2024-10-30 22:56:14,209 - WARNING - Applied processor reduces input query to empty string, all comparisons will have score 0. [Query: '']
2024-10-30 22:56:14,209 - WARNING - Applied processor reduces input query to empty string, all comparisons will have score 0. [Query: '']
2024-10-30 22:56:14,209 - WARNING - Table 5 rejected: Does not meet criteria
2024-10-30 22:56:14,209 - INFO - Processing Table 6
2024-10-30 22:56:14,377 - WARNING - Table 6 rejected: Does not meet criteria
2024-10-30 22:56:14,377 - INFO - Processing Table 7
2024-10-30 22:56:14,616 - WARNING - Applied processor reduces input query to empty string, all comparisons will have score 0. [Query: '']
2024-10-30 22:56:14,616 - WARNING - Applied processor reduces input query to empty string, all comparisons will have score 0. [Query: '']
2024-10-30 22:56:14,616 - WARNING - Table 7 rejected: Does not meet criteria
2024-10-30 22:56:14,616 - INFO - Processing Table 8
2024-10-30 22:56:14,795 - WARNING - Applied processor reduces input query to empty string, all comparisons will have score 0. [Query: '']
2024-10-30 22:56:14,795 - WARNING - Applied processor reduces input query to empty string, all comparisons will have score 0. [Query: '']
2024-10-30 22:56:14,796 - WARNING - Table 8 rejected: Does not meet criteria
2024-10-30 22:56:14,796 - INFO - Processing Table 9
2024-10-30 22:56:15,121 - WARNING - Table 9 rejected: Does not meet criteria
2024-10-30 22:56:15,121 - INFO - Processing Table 10
2024-10-30 22:56:15,425 - WARNING - Table 10 rejected: Does not meet criteria
2024-10-30 22:56:15,425 - INFO - Processing Table 11
2024-10-30 22:56:15,694 - WARNING - Table 11 rejected: Does not meet criteria
2024-10-30 22:56:15,695 - INFO - Processing Table 12
2024-10-30 22:56:15,982 - WARNING - Table 12 rejected: Does not meet criteria
2024-10-30 22:56:15,982 - INFO - Processing Table 13
2024-10-30 22:56:16,275 - WARNING - Table 13 rejected: Does not meet criteria
2024-10-30 22:56:16,275 - INFO - Processing Table 14
2024-10-30 22:56:16,469 - WARNING - Table 14 rejected: Does not meet criteria
2024-10-30 22:56:16,469 - INFO - Processing Table 15
2024-10-30 22:56:16,565 - WARNING - Applied processor reduces input query to empty string, all comparisons will have score 0. [Query: '']
2024-10-30 22:56:16,565 - WARNING - Applied processor reduces input query to empty string, all comparisons will have score 0. [Query: '']
2024-10-30 22:56:16,566 - WARNING - Table 15 rejected: Does not meet criteria
2024-10-30 22:56:16,566 - INFO - Processing Table 16
2024-10-30 22:56:16,738 - WARNING - Applied processor reduces input query to empty string, all comparisons will have score 0. [Query: '']
2024-10-30 22:56:16,738 - WARNING - Applied processor reduces input query to empty string, all comparisons will have score 0. [Query: '']
2024-10-30 22:56:16,738 - WARNING - Table 16 rejected: Does not meet criteria
2024-10-30 22:56:16,738 - INFO - Processing Table 17
2024-10-30 22:56:16,870 - WARNING - Applied processor reduces input query to empty string, all comparisons will have score 0. [Query: '']
2024-10-30 22:56:16,870 - WARNING - Applied processor reduces input query to empty string, all comparisons will have score 0. [Query: '']
2024-10-30 22:56:16,870 - WARNING - Table 17 rejected: Does not meet criteria
2024-10-30 22:56:16,870 - INFO - Processing Table 18
2024-10-30 22:56:16,978 - WARNING - Table 18 rejected: Does not meet criteria
2024-10-30 22:56:16,978 - INFO - Processing Table 19
2024-10-30 22:56:17,201 - WARNING - Applied processor reduces input query to empty string, all comparisons will have score 0. [Query: '']
2024-10-30 22:56:17,201 - WARNING - Applied processor reduces input query to empty string, all comparisons will have score 0. [Query: '']
2024-10-30 22:56:17,202 - WARNING - Table 19 rejected: Does not meet criteria
2024-10-30 22:56:17,202 - INFO - Processing Table 20
2024-10-30 22:56:17,283 - WARNING - Table 20 rejected: Does not meet criteria
2024-10-30 22:56:17,283 - INFO - Processing Table 21
2024-10-30 22:56:17,584 - WARNING - Applied processor reduces input query to empty string, all comparisons will have score 0. [Query: '']
2024-10-30 22:56:17,584 - WARNING - Applied processor reduces input query to empty string, all comparisons will have score 0. [Query: '']
2024-10-30 22:56:17,584 - WARNING - Table 21 rejected: Does not meet criteria
2024-10-30 22:56:17,584 - INFO - Processing Table 22
2024-10-30 22:56:17,809 - WARNING - Table 22 rejected: Does not meet criteria
2024-10-30 22:56:17,809 - INFO - Processing Table 23
2024-10-30 22:56:18,044 - WARNING - Applied processor reduces input query to empty string, all comparisons will have score 0. [Query: '']
2024-10-30 22:56:18,044 - WARNING - Applied processor reduces input query to empty string, all comparisons will have score 0. [Query: '']
2024-10-30 22:56:18,044 - WARNING - Table 23 rejected: Does not meet criteria
2024-10-30 22:56:18,044 - INFO - Processing Table 24
2024-10-30 22:56:18,190 - WARNING - Applied processor reduces input query to empty string, all comparisons will have score 0. [Query: '']
2024-10-30 22:56:18,190 - WARNING - Applied processor reduces input query to empty string, all comparisons will have score 0. [Query: '']
2024-10-30 22:56:18,190 - WARNING - Table 24 rejected: Does not meet criteria
2024-10-30 22:56:18,190 - INFO - Processing Table 25
2024-10-30 22:56:18,495 - WARNING - Applied processor reduces input query to empty string, all comparisons will have score 0. [Query: '']
2024-10-30 22:56:18,496 - WARNING - Applied processor reduces input query to empty string, all comparisons will have score 0. [Query: '']
2024-10-30 22:56:18,496 - WARNING - Table 25 rejected: Does not meet criteria
2024-10-30 22:56:18,496 - INFO - Processing Table 26
2024-10-30 22:56:18,685 - WARNING - Applied processor reduces input query to empty string, all comparisons will have score 0. [Query: '']
2024-10-30 22:56:18,685 - WARNING - Table 26 rejected: Does not meet criteria
2024-10-30 22:56:18,685 - INFO - Processing Table 27
2024-10-30 22:56:19,000 - WARNING - Table 27 rejected: Does not meet criteria
2024-10-30 22:56:19,000 - INFO - Processing Table 28
2024-10-30 22:56:19,199 - WARNING - Applied processor reduces input query to empty string, all comparisons will have score 0. [Query: '']
2024-10-30 22:56:19,200 - WARNING - Applied processor reduces input query to empty string, all comparisons will have score 0. [Query: '']
2024-10-30 22:56:19,200 - WARNING - Applied processor reduces input query to empty string, all comparisons will have score 0. [Query: '']
2024-10-30 22:56:19,200 - WARNING - Table 28 rejected: Does not meet criteria
2024-10-30 22:56:19,200 - INFO - Processing Table 29
2024-10-30 22:56:19,511 - WARNING - Applied processor reduces input query to empty string, all comparisons will have score 0. [Query: '']
2024-10-30 22:56:19,511 - WARNING - Applied processor reduces input query to empty string, all comparisons will have score 0. [Query: '']
2024-10-30 22:56:19,511 - WARNING - Applied processor reduces input query to empty string, all comparisons will have score 0. [Query: '']
2024-10-30 22:56:19,512 - WARNING - Table 29 rejected: Does not meet criteria
2024-10-30 22:56:19,512 - INFO - Processing Table 30
2024-10-30 22:56:19,711 - WARNING - Applied processor reduces input query to empty string, all comparisons will have score 0. [Query: '']
2024-10-30 22:56:19,711 - WARNING - Table 30 rejected: Does not meet criteria
2024-10-30 22:56:19,711 - INFO - Processing Table 31
2024-10-30 22:56:19,830 - WARNING - Applied processor reduces input query to empty string, all comparisons will have score 0. [Query: '']
2024-10-30 22:56:19,830 - WARNING - Applied processor reduces input query to empty string, all comparisons will have score 0. [Query: '']
2024-10-30 22:56:19,830 - WARNING - Table 31 rejected: Does not meet criteria
2024-10-30 22:56:19,831 - INFO - Processing Table 32
2024-10-30 22:56:19,999 - WARNING - Applied processor reduces input query to empty string, all comparisons will have score 0. [Query: '']
2024-10-30 22:56:19,999 - WARNING - Applied processor reduces input query to empty string, all comparisons will have score 0. [Query: '']
2024-10-30 22:56:20,000 - WARNING - Table 32 rejected: Does not meet criteria
2024-10-30 22:56:20,000 - INFO - Processing Table 33
2024-10-30 22:56:20,302 - WARNING - Applied processor reduces input query to empty string, all comparisons will have score 0. [Query: '']
2024-10-30 22:56:20,302 - WARNING - Table 33 rejected: Does not meet criteria
2024-10-30 22:56:20,302 - INFO - Processing Table 34
2024-10-30 22:56:20,609 - WARNING - Applied processor reduces input query to empty string, all comparisons will have score 0. [Query: '']
2024-10-30 22:56:20,609 - WARNING - Table 34 rejected: Does not meet criteria
2024-10-30 22:56:20,609 - INFO - Processing Table 35
2024-10-30 22:56:20,833 - WARNING - Table 35 rejected: Does not meet criteria
2024-10-30 22:56:20,833 - INFO - Processing Table 36
2024-10-30 22:56:21,120 - WARNING - Applied processor reduces input query to empty string, all comparisons will have score 0. [Query: '']
2024-10-30 22:56:21,120 - WARNING - Applied processor reduces input query to empty string, all comparisons will have score 0. [Query: '']
2024-10-30 22:56:21,121 - WARNING - Table 36 rejected: Does not meet criteria
2024-10-30 22:56:21,121 - INFO - Processing Table 37
2024-10-30 22:56:21,484 - WARNING - Applied processor reduces input query to empty string, all comparisons will have score 0. [Query: '']
2024-10-30 22:56:21,484 - WARNING - Applied processor reduces input query to empty string, all comparisons will have score 0. [Query: '']
2024-10-30 22:56:21,484 - WARNING - Table 37 rejected: Does not meet criteria
2024-10-30 22:56:21,484 - INFO - Processing Table 38
2024-10-30 22:56:21,719 - WARNING - Applied processor reduces input query to empty string, all comparisons will have score 0. [Query: '']
2024-10-30 22:56:21,719 - WARNING - Applied processor reduces input query to empty string, all comparisons will have score 0. [Query: '']
2024-10-30 22:56:21,719 - WARNING - Table 38 rejected: Does not meet criteria
2024-10-30 22:56:21,719 - INFO - Processing Table 39
2024-10-30 22:56:22,207 - WARNING - Applied processor reduces input query to empty string, all comparisons will have score 0. [Query: '']
2024-10-30 22:56:22,207 - WARNING - Applied processor reduces input query to empty string, all comparisons will have score 0. [Query: '']
2024-10-30 22:56:22,207 - WARNING - Table 39 rejected: Does not meet criteria
2024-10-30 22:56:22,207 - INFO - Processing Table 40
2024-10-30 22:56:22,562 - WARNING - Applied processor reduces input query to empty string, all comparisons will have score 0. [Query: '']
2024-10-30 22:56:22,562 - WARNING - Applied processor reduces input query to empty string, all comparisons will have score 0. [Query: '']
2024-10-30 22:56:22,563 - WARNING - Table 40 rejected: Does not meet criteria
2024-10-30 22:56:22,563 - INFO - Processing Table 41
2024-10-30 22:56:22,814 - WARNING - Applied processor reduces input query to empty string, all comparisons will have score 0. [Query: '']
2024-10-30 22:56:22,814 - WARNING - Applied processor reduces input query to empty string, all comparisons will have score 0. [Query: '']
2024-10-30 22:56:22,815 - WARNING - Table 41 rejected: Does not meet criteria
2024-10-30 22:56:22,815 - INFO - Processing Table 42
2024-10-30 22:56:23,100 - WARNING - Applied processor reduces input query to empty string, all comparisons will have score 0. [Query: '']
2024-10-30 22:56:23,100 - WARNING - Applied processor reduces input query to empty string, all comparisons will have score 0. [Query: '']
2024-10-30 22:56:23,101 - WARNING - Table 42 rejected: Does not meet criteria
2024-10-30 22:56:23,101 - INFO - Processing Table 43
2024-10-30 22:56:23,313 - WARNING - Applied processor reduces input query to empty string, all comparisons will have score 0. [Query: '']
2024-10-30 22:56:23,313 - WARNING - Applied processor reduces input query to empty string, all comparisons will have score 0. [Query: '']
2024-10-30 22:56:23,313 - WARNING - Table 43 rejected: Does not meet criteria
2024-10-30 22:56:23,313 - INFO - Processing Table 44
2024-10-30 22:56:23,708 - WARNING - Table 44 rejected: Does not meet criteria
2024-10-30 22:56:23,709 - INFO - Processing Table 45
2024-10-30 22:56:23,809 - WARNING - Applied processor reduces input query to empty string, all comparisons will have score 0. [Query: '']
2024-10-30 22:56:23,809 - WARNING - Applied processor reduces input query to empty string, all comparisons will have score 0. [Query: '']
2024-10-30 22:56:23,809 - WARNING - Applied processor reduces input query to empty string, all comparisons will have score 0. [Query: '']
2024-10-30 22:56:23,809 - WARNING - Table 45 rejected: Does not meet criteria
2024-10-30 22:56:23,809 - INFO - Processing Table 46
2024-10-30 22:56:24,109 - ERROR - Error processing table 46: The identified boxes have significant overlap: 135.07% of area is overlapping (Max is 90.00%)
2024-10-30 22:56:24,109 - INFO - Processing Table 47
2024-10-30 22:56:24,484 - WARNING - Applied processor reduces input query to empty string, all comparisons will have score 0. [Query: '']
2024-10-30 22:56:24,484 - WARNING - Table 47 rejected: Does not meet criteria
2024-10-30 22:56:24,484 - INFO - Processing Table 48
2024-10-30 22:56:24,784 - WARNING - Applied processor reduces input query to empty string, all comparisons will have score 0. [Query: '']
2024-10-30 22:56:24,784 - WARNING - Applied processor reduces input query to empty string, all comparisons will have score 0. [Query: '']
2024-10-30 22:56:24,784 - WARNING - Table 48 rejected: Does not meet criteria
2024-10-30 22:56:24,784 - INFO - Processing Table 49
2024-10-30 22:56:25,085 - WARNING - Applied processor reduces input query to empty string, all comparisons will have score 0. [Query: '']
2024-10-30 22:56:25,086 - WARNING - Applied processor reduces input query to empty string, all comparisons will have score 0. [Query: '']
2024-10-30 22:56:25,086 - WARNING - Table 49 rejected: Does not meet criteria
2024-10-30 22:56:25,086 - INFO - Processing Table 50
2024-10-30 22:56:25,544 - WARNING - Applied processor reduces input query to empty string, all comparisons will have score 0. [Query: '']
2024-10-30 22:56:25,545 - WARNING - Applied processor reduces input query to empty string, all comparisons will have score 0. [Query: '']
2024-10-30 22:56:25,545 - WARNING - Table 50 rejected: Does not meet criteria
2024-10-30 22:56:25,545 - INFO - Processing Table 51
2024-10-30 22:56:25,646 - WARNING - Table 51 rejected: Does not meet criteria
2024-10-30 22:56:25,647 - INFO - Processing Table 52
2024-10-30 22:56:26,058 - WARNING - Applied processor reduces input query to empty string, all comparisons will have score 0. [Query: '']
2024-10-30 22:56:26,059 - WARNING - Applied processor reduces input query to empty string, all comparisons will have score 0. [Query: '']
2024-10-30 22:56:26,059 - WARNING - Table 52 rejected: Does not meet criteria
2024-10-30 22:56:26,059 - INFO - Processing Table 53
2024-10-30 22:56:26,310 - WARNING - Applied processor reduces input query to empty string, all comparisons will have score 0. [Query: '']
2024-10-30 22:56:26,310 - WARNING - Applied processor reduces input query to empty string, all comparisons will have score 0. [Query: '']
2024-10-30 22:56:26,311 - WARNING - Table 53 rejected: Does not meet criteria
2024-10-30 22:56:26,311 - INFO - Processing Table 54
2024-10-30 22:56:26,411 - WARNING - Table 54 rejected: Does not meet criteria
2024-10-30 22:56:26,411 - INFO - Processing Table 55
2024-10-30 22:56:26,613 - WARNING - Applied processor reduces input query to empty string, all comparisons will have score 0. [Query: '']
2024-10-30 22:56:26,614 - WARNING - Table 55 rejected: Does not meet criteria
2024-10-30 22:56:26,614 - INFO - Processing Table 56
2024-10-30 22:56:26,677 - WARNING - Applied processor reduces input query to empty string, all comparisons will have score 0. [Query: '']
2024-10-30 22:56:26,677 - WARNING - Applied processor reduces input query to empty string, all comparisons will have score 0. [Query: '']
2024-10-30 22:56:26,678 - WARNING - Table 56 rejected: Does not meet criteria
2024-10-30 22:56:26,678 - INFO - Processing Table 57
2024-10-30 22:56:26,848 - WARNING - Applied processor reduces input query to empty string, all comparisons will have score 0. [Query: '']
2024-10-30 22:56:26,849 - WARNING - Applied processor reduces input query to empty string, all comparisons will have score 0. [Query: '']
2024-10-30 22:56:26,849 - WARNING - Applied processor reduces input query to empty string, all comparisons will have score 0. [Query: '']
2024-10-30 22:56:26,849 - WARNING - Table 57 rejected: Does not meet criteria
2024-10-30 22:56:26,849 - INFO - Processing Table 58
2024-10-30 22:56:26,969 - WARNING - Applied processor reduces input query to empty string, all comparisons will have score 0. [Query: '']
2024-10-30 22:56:26,970 - WARNING - Applied processor reduces input query to empty string, all comparisons will have score 0. [Query: '']
2024-10-30 22:56:26,970 - WARNING - Table 58 rejected: Does not meet criteria
2024-10-30 22:56:26,970 - INFO - Processing Table 59
2024-10-30 22:56:27,228 - WARNING - Applied processor reduces input query to empty string, all comparisons will have score 0. [Query: '']
2024-10-30 22:56:27,228 - WARNING - Applied processor reduces input query to empty string, all comparisons will have score 0. [Query: '']
2024-10-30 22:56:27,230 - WARNING - Table 59 rejected: Does not meet criteria
2024-10-30 22:56:27,230 - INFO - Processing Table 60
2024-10-30 22:56:27,459 - WARNING - Table 60 rejected: Does not meet criteria
2024-10-30 22:56:27,459 - INFO - Processing Table 61
2024-10-30 22:56:27,591 - WARNING - Applied processor reduces input query to empty string, all comparisons will have score 0. [Query: '']
2024-10-30 22:56:27,594 - WARNING - Table 61 rejected: Does not meet criteria
2024-10-30 22:56:27,594 - INFO - Processing Table 62
2024-10-30 22:56:27,733 - WARNING - Applied processor reduces input query to empty string, all comparisons will have score 0. [Query: '']
2024-10-30 22:56:27,733 - WARNING - Applied processor reduces input query to empty string, all comparisons will have score 0. [Query: '']
2024-10-30 22:56:27,733 - WARNING - Applied processor reduces input query to empty string, all comparisons will have score 0. [Query: '']
2024-10-30 22:56:27,733 - WARNING - Applied processor reduces input query to empty string, all comparisons will have score 0. [Query: '']
2024-10-30 22:56:27,737 - INFO - Table 62 saved as table_1.csv
2024-10-30 22:56:27,737 - INFO - Processing Table 63
2024-10-30 22:56:28,023 - WARNING - Applied processor reduces input query to empty string, all comparisons will have score 0. [Query: '']
2024-10-30 22:56:28,023 - WARNING - Applied processor reduces input query to empty string, all comparisons will have score 0. [Query: '']
2024-10-30 22:56:28,025 - WARNING - Table 63 rejected: Does not meet criteria
2024-10-30 22:56:28,025 - INFO - Processing Table 64
2024-10-30 22:56:28,355 - WARNING - Table 64 rejected: Does not meet criteria
2024-10-30 22:56:28,355 - INFO - Processing Table 65
2024-10-30 22:56:28,689 - WARNING - Applied processor reduces input query to empty string, all comparisons will have score 0. [Query: '']
2024-10-30 22:56:28,691 - WARNING - Table 65 rejected: Does not meet criteria
2024-10-30 22:56:28,691 - INFO - Processing Table 66
2024-10-30 22:56:28,975 - WARNING - Table 66 rejected: Does not meet criteria
2024-10-30 22:56:28,975 - INFO - Processing Table 67
2024-10-30 22:56:29,413 - WARNING - Table 67 rejected: Does not meet criteria
2024-10-30 22:56:29,413 - INFO - Processing Table 68
2024-10-30 22:56:29,840 - WARNING - Table 68 rejected: Does not meet criteria
2024-10-30 22:56:29,840 - INFO - Processing Table 69
2024-10-30 22:56:29,952 - WARNING - Table 69 rejected: Does not meet criteria
2024-10-30 22:56:29,952 - INFO - Processing Table 70
2024-10-30 22:56:30,216 - INFO - Table 70 saved as table_2.csv
2024-10-30 22:56:30,216 - INFO - Processing Table 71
2024-10-30 22:56:30,287 - INFO - Table 71 saved as table_3.csv
2024-10-30 22:56:30,287 - INFO - Processing Table 72
2024-10-30 22:56:30,394 - WARNING - Applied processor reduces input query to empty string, all comparisons will have score 0. [Query: '%']
2024-10-30 22:56:30,395 - WARNING - Table 72 rejected: Does not meet criteria
2024-10-30 22:56:30,395 - INFO - Processing Table 73
2024-10-30 22:56:30,503 - WARNING - Applied processor reduces input query to empty string, all comparisons will have score 0. [Query: '%']
2024-10-30 22:56:30,504 - INFO - Table 73 saved as table_4.csv
2024-10-30 22:56:30,504 - INFO - Processing Table 74
2024-10-30 22:56:30,643 - INFO - Table 74 saved as table_5.csv
2024-10-30 22:56:30,643 - INFO - Processing Table 75
2024-10-30 22:56:30,716 - INFO - Table 75 saved as table_6.csv
2024-10-30 22:56:30,716 - INFO - Processing Table 76
2024-10-30 22:56:30,982 - WARNING - Applied processor reduces input query to empty string, all comparisons will have score 0. [Query: '']
2024-10-30 22:56:30,982 - WARNING - Applied processor reduces input query to empty string, all comparisons will have score 0. [Query: '']
2024-10-30 22:56:30,985 - INFO - Table 76 saved as table_7.csv
2024-10-30 22:56:30,985 - INFO - Processing Table 77
2024-10-30 22:56:31,221 - WARNING - Table 77 rejected: Does not meet criteria
2024-10-30 22:56:31,221 - INFO - Processing Table 78
2024-10-30 22:56:31,417 - WARNING - Table 78 rejected: Does not meet criteria
2024-10-30 22:56:31,417 - INFO - Processing Table 79
2024-10-30 22:56:31,797 - WARNING - Applied processor reduces input query to empty string, all comparisons will have score 0. [Query: '']
2024-10-30 22:56:31,797 - WARNING - Applied processor reduces input query to empty string, all comparisons will have score 0. [Query: '']
2024-10-30 22:56:31,797 - WARNING - Applied processor reduces input query to empty string, all comparisons will have score 0. [Query: '']
2024-10-30 22:56:31,797 - WARNING - Applied processor reduces input query to empty string, all comparisons will have score 0. [Query: '']
2024-10-30 22:56:31,797 - WARNING - Table 79 rejected: Does not meet criteria
2024-10-30 22:56:31,797 - INFO - Processing Table 80
2024-10-30 22:56:31,936 - WARNING - Table 80 rejected: Does not meet criteria
2024-10-30 22:56:31,936 - INFO - Processing Table 81
2024-10-30 22:56:32,289 - WARNING - Applied processor reduces input query to empty string, all comparisons will have score 0. [Query: '']
2024-10-30 22:56:32,289 - WARNING - Applied processor reduces input query to empty string, all comparisons will have score 0. [Query: '']
2024-10-30 22:56:32,290 - WARNING - Table 81 rejected: Does not meet criteria
2024-10-30 22:56:32,290 - INFO - Processing Table 82
2024-10-30 22:56:32,517 - WARNING - Applied processor reduces input query to empty string, all comparisons will have score 0. [Query: '']
2024-10-30 22:56:32,518 - WARNING - Table 82 rejected: Does not meet criteria
2024-10-30 22:56:32,518 - INFO - Processing Table 83
2024-10-30 22:56:32,701 - WARNING - Table 83 rejected: Does not meet criteria
2024-10-30 22:56:32,701 - INFO - Processing Table 84
2024-10-30 22:56:33,049 - WARNING - Table 84 rejected: Does not meet criteria
2024-10-30 22:56:33,050 - INFO - Processing Table 85
2024-10-30 22:56:33,362 - WARNING - Applied processor reduces input query to empty string, all comparisons will have score 0. [Query: '']
2024-10-30 22:56:33,362 - WARNING - Applied processor reduces input query to empty string, all comparisons will have score 0. [Query: '']
2024-10-30 22:56:33,362 - WARNING - Applied processor reduces input query to empty string, all comparisons will have score 0. [Query: '']
2024-10-30 22:56:33,363 - WARNING - Table 85 rejected: Does not meet criteria
2024-10-30 22:56:33,363 - INFO - Processing Table 86
2024-10-30 22:56:33,614 - WARNING - Applied processor reduces input query to empty string, all comparisons will have score 0. [Query: '']
2024-10-30 22:56:33,614 - WARNING - Applied processor reduces input query to empty string, all comparisons will have score 0. [Query: '']
2024-10-30 22:56:33,614 - WARNING - Table 86 rejected: Does not meet criteria
2024-10-30 22:56:33,614 - INFO - Processing Table 87
2024-10-30 22:56:33,788 - WARNING - Applied processor reduces input query to empty string, all comparisons will have score 0. [Query: '']
2024-10-30 22:56:33,789 - WARNING - Applied processor reduces input query to empty string, all comparisons will have score 0. [Query: '']
2024-10-30 22:56:33,789 - WARNING - Applied processor reduces input query to empty string, all comparisons will have score 0. [Query: '']
2024-10-30 22:56:33,789 - WARNING - Table 87 rejected: Does not meet criteria
2024-10-30 22:56:33,789 - INFO - Processing Table 88
2024-10-30 22:56:34,012 - WARNING - Applied processor reduces input query to empty string, all comparisons will have score 0. [Query: '']
2024-10-30 22:56:34,013 - WARNING - Table 88 rejected: Does not meet criteria
2024-10-30 22:56:34,013 - INFO - Processing Table 89
2024-10-30 22:56:34,107 - WARNING - Applied processor reduces input query to empty string, all comparisons will have score 0. [Query: '']
2024-10-30 22:56:34,107 - WARNING - Applied processor reduces input query to empty string, all comparisons will have score 0. [Query: '']
2024-10-30 22:56:34,107 - WARNING - Table 89 rejected: Does not meet criteria
2024-10-30 22:56:34,107 - INFO - Processing Table 90
2024-10-30 22:56:34,413 - WARNING - Applied processor reduces input query to empty string, all comparisons will have score 0. [Query: '']
2024-10-30 22:56:34,413 - WARNING - Applied processor reduces input query to empty string, all comparisons will have score 0. [Query: '']
2024-10-30 22:56:34,414 - WARNING - Table 90 rejected: Does not meet criteria
2024-10-30 22:56:34,414 - INFO - Processing Table 91
2024-10-30 22:56:34,523 - WARNING - Applied processor reduces input query to empty string, all comparisons will have score 0. [Query: '']
2024-10-30 22:56:34,523 - WARNING - Applied processor reduces input query to empty string, all comparisons will have score 0. [Query: '']
2024-10-30 22:56:34,524 - WARNING - Table 91 rejected: Does not meet criteria
2024-10-30 22:56:34,524 - INFO - Processing complete. 7 valid tables saved.
2024-10-30 22:57:35,116 - INFO - 
Device Information:
------------------
PyTorch Version: 2.4.1
System: Darwin
Processor: arm
CUDA Available: False
MPS Available: True
Selected Device: mps

2024-10-30 22:57:42,313 - INFO - Processing Table 1
2024-10-30 22:57:42,624 - ERROR - Error processing table 1: The identified boxes have significant overlap: 154.13% of area is overlapping (Max is 90.00%)
2024-10-30 22:57:42,624 - INFO - Processing Table 2
2024-10-30 22:57:42,898 - WARNING - Table 2 rejected: Does not meet criteria
2024-10-30 22:57:42,898 - INFO - Processing Table 3
2024-10-30 22:57:43,165 - WARNING - Table 3 rejected: Does not meet criteria
2024-10-30 22:57:43,165 - INFO - Processing Table 4
2024-10-30 22:57:43,416 - WARNING - Applied processor reduces input query to empty string, all comparisons will have score 0. [Query: '']
2024-10-30 22:57:43,416 - WARNING - Applied processor reduces input query to empty string, all comparisons will have score 0. [Query: '']
2024-10-30 22:57:43,417 - WARNING - Table 4 rejected: Does not meet criteria
2024-10-30 22:57:43,417 - INFO - Processing Table 5
2024-10-30 22:57:43,665 - WARNING - Applied processor reduces input query to empty string, all comparisons will have score 0. [Query: '']
2024-10-30 22:57:43,665 - WARNING - Applied processor reduces input query to empty string, all comparisons will have score 0. [Query: '']
2024-10-30 22:57:43,665 - WARNING - Table 5 rejected: Does not meet criteria
2024-10-30 22:57:43,665 - INFO - Processing Table 6
2024-10-30 22:57:43,838 - WARNING - Table 6 rejected: Does not meet criteria
2024-10-30 22:57:43,838 - INFO - Processing Table 7
2024-10-30 22:57:44,078 - WARNING - Applied processor reduces input query to empty string, all comparisons will have score 0. [Query: '']
2024-10-30 22:57:44,078 - WARNING - Applied processor reduces input query to empty string, all comparisons will have score 0. [Query: '']
2024-10-30 22:57:44,079 - WARNING - Table 7 rejected: Does not meet criteria
2024-10-30 22:57:44,079 - INFO - Processing Table 8
2024-10-30 22:57:44,260 - WARNING - Applied processor reduces input query to empty string, all comparisons will have score 0. [Query: '']
2024-10-30 22:57:44,260 - WARNING - Applied processor reduces input query to empty string, all comparisons will have score 0. [Query: '']
2024-10-30 22:57:44,260 - WARNING - Table 8 rejected: Does not meet criteria
2024-10-30 22:57:44,260 - INFO - Processing Table 9
2024-10-30 22:57:44,563 - WARNING - Table 9 rejected: Does not meet criteria
2024-10-30 22:57:44,563 - INFO - Processing Table 10
2024-10-30 22:57:44,918 - WARNING - Table 10 rejected: Does not meet criteria
2024-10-30 22:57:44,918 - INFO - Processing Table 11
2024-10-30 22:57:45,267 - WARNING - Table 11 rejected: Does not meet criteria
2024-10-30 22:57:45,267 - INFO - Processing Table 12
2024-10-30 22:57:45,616 - WARNING - Table 12 rejected: Does not meet criteria
2024-10-30 22:57:45,617 - INFO - Processing Table 13
2024-10-30 22:57:46,007 - WARNING - Table 13 rejected: Does not meet criteria
2024-10-30 22:57:46,007 - INFO - Processing Table 14
2024-10-30 22:57:46,254 - WARNING - Table 14 rejected: Does not meet criteria
2024-10-30 22:57:46,255 - INFO - Processing Table 15
2024-10-30 22:57:46,374 - WARNING - Applied processor reduces input query to empty string, all comparisons will have score 0. [Query: '']
2024-10-30 22:57:46,375 - WARNING - Applied processor reduces input query to empty string, all comparisons will have score 0. [Query: '']
2024-10-30 22:57:46,375 - WARNING - Table 15 rejected: Does not meet criteria
2024-10-30 22:57:46,375 - INFO - Processing Table 16
2024-10-30 22:57:46,585 - WARNING - Applied processor reduces input query to empty string, all comparisons will have score 0. [Query: '']
2024-10-30 22:57:46,585 - WARNING - Applied processor reduces input query to empty string, all comparisons will have score 0. [Query: '']
2024-10-30 22:57:46,585 - WARNING - Table 16 rejected: Does not meet criteria
2024-10-30 22:57:46,585 - INFO - Processing Table 17
2024-10-30 22:57:46,752 - WARNING - Applied processor reduces input query to empty string, all comparisons will have score 0. [Query: '']
2024-10-30 22:57:46,752 - WARNING - Applied processor reduces input query to empty string, all comparisons will have score 0. [Query: '']
2024-10-30 22:57:46,752 - WARNING - Table 17 rejected: Does not meet criteria
2024-10-30 22:57:46,752 - INFO - Processing Table 18
2024-10-30 22:57:46,871 - WARNING - Table 18 rejected: Does not meet criteria
2024-10-30 22:57:46,871 - INFO - Processing Table 19
2024-10-30 22:57:47,107 - WARNING - Applied processor reduces input query to empty string, all comparisons will have score 0. [Query: '']
2024-10-30 22:57:47,107 - WARNING - Applied processor reduces input query to empty string, all comparisons will have score 0. [Query: '']
2024-10-30 22:57:47,107 - WARNING - Table 19 rejected: Does not meet criteria
2024-10-30 22:57:47,107 - INFO - Processing Table 20
2024-10-30 22:57:47,192 - WARNING - Table 20 rejected: Does not meet criteria
2024-10-30 22:57:47,192 - INFO - Processing Table 21
2024-10-30 22:57:47,554 - WARNING - Applied processor reduces input query to empty string, all comparisons will have score 0. [Query: '']
2024-10-30 22:57:47,554 - WARNING - Applied processor reduces input query to empty string, all comparisons will have score 0. [Query: '']
2024-10-30 22:57:47,554 - WARNING - Table 21 rejected: Does not meet criteria
2024-10-30 22:57:47,554 - INFO - Processing Table 22
2024-10-30 22:57:47,811 - WARNING - Table 22 rejected: Does not meet criteria
2024-10-30 22:57:47,812 - INFO - Processing Table 23
2024-10-30 22:57:48,156 - WARNING - Applied processor reduces input query to empty string, all comparisons will have score 0. [Query: '']
2024-10-30 22:57:48,157 - WARNING - Applied processor reduces input query to empty string, all comparisons will have score 0. [Query: '']
2024-10-30 22:57:48,158 - WARNING - Table 23 rejected: Does not meet criteria
2024-10-30 22:57:48,158 - INFO - Processing Table 24
2024-10-30 22:57:48,339 - WARNING - Applied processor reduces input query to empty string, all comparisons will have score 0. [Query: '']
2024-10-30 22:57:48,339 - WARNING - Applied processor reduces input query to empty string, all comparisons will have score 0. [Query: '']
2024-10-30 22:57:48,339 - WARNING - Table 24 rejected: Does not meet criteria
2024-10-30 22:57:48,339 - INFO - Processing Table 25
2024-10-30 22:57:48,684 - WARNING - Applied processor reduces input query to empty string, all comparisons will have score 0. [Query: '']
2024-10-30 22:57:48,684 - WARNING - Applied processor reduces input query to empty string, all comparisons will have score 0. [Query: '']
2024-10-30 22:57:48,685 - WARNING - Table 25 rejected: Does not meet criteria
2024-10-30 22:57:48,685 - INFO - Processing Table 26
2024-10-30 22:57:49,035 - WARNING - Applied processor reduces input query to empty string, all comparisons will have score 0. [Query: '']
2024-10-30 22:57:49,036 - WARNING - Table 26 rejected: Does not meet criteria
2024-10-30 22:57:49,036 - INFO - Processing Table 27
2024-10-30 22:57:49,491 - WARNING - Table 27 rejected: Does not meet criteria
2024-10-30 22:57:49,491 - INFO - Processing Table 28
2024-10-30 22:57:49,658 - WARNING - Applied processor reduces input query to empty string, all comparisons will have score 0. [Query: '']
2024-10-30 22:57:49,658 - WARNING - Applied processor reduces input query to empty string, all comparisons will have score 0. [Query: '']
2024-10-30 22:57:49,659 - WARNING - Applied processor reduces input query to empty string, all comparisons will have score 0. [Query: '']
2024-10-30 22:57:49,659 - WARNING - Table 28 rejected: Does not meet criteria
2024-10-30 22:57:49,659 - INFO - Processing Table 29
2024-10-30 22:57:49,996 - WARNING - Applied processor reduces input query to empty string, all comparisons will have score 0. [Query: '']
2024-10-30 22:57:49,996 - WARNING - Applied processor reduces input query to empty string, all comparisons will have score 0. [Query: '']
2024-10-30 22:57:49,996 - WARNING - Applied processor reduces input query to empty string, all comparisons will have score 0. [Query: '']
2024-10-30 22:57:49,997 - WARNING - Table 29 rejected: Does not meet criteria
2024-10-30 22:57:49,997 - INFO - Processing Table 30
2024-10-30 22:57:50,216 - WARNING - Applied processor reduces input query to empty string, all comparisons will have score 0. [Query: '']
2024-10-30 22:57:50,217 - WARNING - Table 30 rejected: Does not meet criteria
2024-10-30 22:57:50,217 - INFO - Processing Table 31
2024-10-30 22:57:50,340 - WARNING - Applied processor reduces input query to empty string, all comparisons will have score 0. [Query: '']
2024-10-30 22:57:50,340 - WARNING - Applied processor reduces input query to empty string, all comparisons will have score 0. [Query: '']
2024-10-30 22:57:50,340 - WARNING - Table 31 rejected: Does not meet criteria
2024-10-30 22:57:50,340 - INFO - Processing Table 32
2024-10-30 22:57:50,521 - WARNING - Applied processor reduces input query to empty string, all comparisons will have score 0. [Query: '']
2024-10-30 22:57:50,521 - WARNING - Applied processor reduces input query to empty string, all comparisons will have score 0. [Query: '']
2024-10-30 22:57:50,522 - WARNING - Table 32 rejected: Does not meet criteria
2024-10-30 22:57:50,522 - INFO - Processing Table 33
2024-10-30 22:57:50,891 - WARNING - Applied processor reduces input query to empty string, all comparisons will have score 0. [Query: '']
2024-10-30 22:57:50,892 - WARNING - Table 33 rejected: Does not meet criteria
2024-10-30 22:57:50,892 - INFO - Processing Table 34
2024-10-30 22:57:51,221 - WARNING - Applied processor reduces input query to empty string, all comparisons will have score 0. [Query: '']
2024-10-30 22:57:51,222 - WARNING - Table 34 rejected: Does not meet criteria
2024-10-30 22:57:51,222 - INFO - Processing Table 35
2024-10-30 22:57:51,423 - WARNING - Table 35 rejected: Does not meet criteria
2024-10-30 22:57:51,423 - INFO - Processing Table 36
2024-10-30 22:57:51,632 - WARNING - Applied processor reduces input query to empty string, all comparisons will have score 0. [Query: '']
2024-10-30 22:57:51,632 - WARNING - Applied processor reduces input query to empty string, all comparisons will have score 0. [Query: '']
2024-10-30 22:57:51,633 - WARNING - Table 36 rejected: Does not meet criteria
2024-10-30 22:57:51,633 - INFO - Processing Table 37
2024-10-30 22:57:51,919 - WARNING - Applied processor reduces input query to empty string, all comparisons will have score 0. [Query: '']
2024-10-30 22:57:51,919 - WARNING - Applied processor reduces input query to empty string, all comparisons will have score 0. [Query: '']
2024-10-30 22:57:51,920 - WARNING - Table 37 rejected: Does not meet criteria
2024-10-30 22:57:51,920 - INFO - Processing Table 38
2024-10-30 22:57:52,181 - WARNING - Applied processor reduces input query to empty string, all comparisons will have score 0. [Query: '']
2024-10-30 22:57:52,181 - WARNING - Applied processor reduces input query to empty string, all comparisons will have score 0. [Query: '']
2024-10-30 22:57:52,181 - WARNING - Table 38 rejected: Does not meet criteria
2024-10-30 22:57:52,181 - INFO - Processing Table 39
2024-10-30 22:57:52,664 - WARNING - Applied processor reduces input query to empty string, all comparisons will have score 0. [Query: '']
2024-10-30 22:57:52,665 - WARNING - Applied processor reduces input query to empty string, all comparisons will have score 0. [Query: '']
2024-10-30 22:57:52,665 - WARNING - Table 39 rejected: Does not meet criteria
2024-10-30 22:57:52,665 - INFO - Processing Table 40
2024-10-30 22:57:52,958 - WARNING - Applied processor reduces input query to empty string, all comparisons will have score 0. [Query: '']
2024-10-30 22:57:52,958 - WARNING - Applied processor reduces input query to empty string, all comparisons will have score 0. [Query: '']
2024-10-30 22:57:52,958 - WARNING - Table 40 rejected: Does not meet criteria
2024-10-30 22:57:52,958 - INFO - Processing Table 41
2024-10-30 22:57:53,197 - WARNING - Applied processor reduces input query to empty string, all comparisons will have score 0. [Query: '']
2024-10-30 22:57:53,197 - WARNING - Applied processor reduces input query to empty string, all comparisons will have score 0. [Query: '']
2024-10-30 22:57:53,197 - WARNING - Table 41 rejected: Does not meet criteria
2024-10-30 22:57:53,197 - INFO - Processing Table 42
2024-10-30 22:57:53,469 - WARNING - Applied processor reduces input query to empty string, all comparisons will have score 0. [Query: '']
2024-10-30 22:57:53,469 - WARNING - Applied processor reduces input query to empty string, all comparisons will have score 0. [Query: '']
2024-10-30 22:57:53,470 - WARNING - Table 42 rejected: Does not meet criteria
2024-10-30 22:57:53,470 - INFO - Processing Table 43
2024-10-30 22:57:53,649 - WARNING - Applied processor reduces input query to empty string, all comparisons will have score 0. [Query: '']
2024-10-30 22:57:53,649 - WARNING - Applied processor reduces input query to empty string, all comparisons will have score 0. [Query: '']
2024-10-30 22:57:53,649 - WARNING - Table 43 rejected: Does not meet criteria
2024-10-30 22:57:53,649 - INFO - Processing Table 44
2024-10-30 22:57:54,039 - WARNING - Table 44 rejected: Does not meet criteria
2024-10-30 22:57:54,039 - INFO - Processing Table 45
2024-10-30 22:57:54,153 - WARNING - Applied processor reduces input query to empty string, all comparisons will have score 0. [Query: '']
2024-10-30 22:57:54,153 - WARNING - Applied processor reduces input query to empty string, all comparisons will have score 0. [Query: '']
2024-10-30 22:57:54,153 - WARNING - Applied processor reduces input query to empty string, all comparisons will have score 0. [Query: '']
2024-10-30 22:57:54,153 - WARNING - Table 45 rejected: Does not meet criteria
2024-10-30 22:57:54,153 - INFO - Processing Table 46
2024-10-30 22:57:54,517 - ERROR - Error processing table 46: The identified boxes have significant overlap: 135.07% of area is overlapping (Max is 90.00%)
2024-10-30 22:57:54,517 - INFO - Processing Table 47
2024-10-30 22:57:54,881 - WARNING - Applied processor reduces input query to empty string, all comparisons will have score 0. [Query: '']
2024-10-30 22:57:54,882 - WARNING - Table 47 rejected: Does not meet criteria
2024-10-30 22:57:54,882 - INFO - Processing Table 48
2024-10-30 22:57:55,175 - WARNING - Applied processor reduces input query to empty string, all comparisons will have score 0. [Query: '']
2024-10-30 22:57:55,175 - WARNING - Applied processor reduces input query to empty string, all comparisons will have score 0. [Query: '']
2024-10-30 22:57:55,175 - WARNING - Table 48 rejected: Does not meet criteria
2024-10-30 22:57:55,175 - INFO - Processing Table 49
2024-10-30 22:57:55,513 - WARNING - Applied processor reduces input query to empty string, all comparisons will have score 0. [Query: '']
2024-10-30 22:57:55,514 - WARNING - Applied processor reduces input query to empty string, all comparisons will have score 0. [Query: '']
2024-10-30 22:57:55,514 - WARNING - Table 49 rejected: Does not meet criteria
2024-10-30 22:57:55,514 - INFO - Processing Table 50
2024-10-30 22:57:55,995 - WARNING - Applied processor reduces input query to empty string, all comparisons will have score 0. [Query: '']
2024-10-30 22:57:55,995 - WARNING - Applied processor reduces input query to empty string, all comparisons will have score 0. [Query: '']
2024-10-30 22:57:55,995 - WARNING - Table 50 rejected: Does not meet criteria
2024-10-30 22:57:55,995 - INFO - Processing Table 51
2024-10-30 22:57:56,118 - WARNING - Table 51 rejected: Does not meet criteria
2024-10-30 22:57:56,118 - INFO - Processing Table 52
2024-10-30 22:57:56,499 - WARNING - Applied processor reduces input query to empty string, all comparisons will have score 0. [Query: '']
2024-10-30 22:57:56,499 - WARNING - Applied processor reduces input query to empty string, all comparisons will have score 0. [Query: '']
2024-10-30 22:57:56,499 - WARNING - Table 52 rejected: Does not meet criteria
2024-10-30 22:57:56,500 - INFO - Processing Table 53
2024-10-30 22:57:56,752 - WARNING - Applied processor reduces input query to empty string, all comparisons will have score 0. [Query: '']
2024-10-30 22:57:56,752 - WARNING - Applied processor reduces input query to empty string, all comparisons will have score 0. [Query: '']
2024-10-30 22:57:56,752 - WARNING - Table 53 rejected: Does not meet criteria
2024-10-30 22:57:56,752 - INFO - Processing Table 54
2024-10-30 22:57:56,862 - WARNING - Table 54 rejected: Does not meet criteria
2024-10-30 22:57:56,863 - INFO - Processing Table 55
2024-10-30 22:57:57,086 - WARNING - Applied processor reduces input query to empty string, all comparisons will have score 0. [Query: '']
2024-10-30 22:57:57,087 - WARNING - Table 55 rejected: Does not meet criteria
2024-10-30 22:57:57,087 - INFO - Processing Table 56
2024-10-30 22:57:57,164 - WARNING - Applied processor reduces input query to empty string, all comparisons will have score 0. [Query: '']
2024-10-30 22:57:57,165 - WARNING - Applied processor reduces input query to empty string, all comparisons will have score 0. [Query: '']
2024-10-30 22:57:57,165 - WARNING - Table 56 rejected: Does not meet criteria
2024-10-30 22:57:57,165 - INFO - Processing Table 57
2024-10-30 22:57:57,349 - WARNING - Applied processor reduces input query to empty string, all comparisons will have score 0. [Query: '']
2024-10-30 22:57:57,350 - WARNING - Applied processor reduces input query to empty string, all comparisons will have score 0. [Query: '']
2024-10-30 22:57:57,350 - WARNING - Applied processor reduces input query to empty string, all comparisons will have score 0. [Query: '']
2024-10-30 22:57:57,350 - WARNING - Table 57 rejected: Does not meet criteria
2024-10-30 22:57:57,350 - INFO - Processing Table 58
2024-10-30 22:57:57,469 - WARNING - Applied processor reduces input query to empty string, all comparisons will have score 0. [Query: '']
2024-10-30 22:57:57,469 - WARNING - Applied processor reduces input query to empty string, all comparisons will have score 0. [Query: '']
2024-10-30 22:57:57,469 - WARNING - Table 58 rejected: Does not meet criteria
2024-10-30 22:57:57,470 - INFO - Processing Table 59
2024-10-30 22:57:57,775 - WARNING - Applied processor reduces input query to empty string, all comparisons will have score 0. [Query: '']
2024-10-30 22:57:57,775 - WARNING - Applied processor reduces input query to empty string, all comparisons will have score 0. [Query: '']
2024-10-30 22:57:57,777 - WARNING - Table 59 rejected: Does not meet criteria
2024-10-30 22:57:57,777 - INFO - Processing Table 60
2024-10-30 22:57:58,054 - WARNING - Table 60 rejected: Does not meet criteria
2024-10-30 22:57:58,054 - INFO - Processing Table 61
2024-10-30 22:57:58,182 - WARNING - Applied processor reduces input query to empty string, all comparisons will have score 0. [Query: '']
2024-10-30 22:57:58,184 - WARNING - Table 61 rejected: Does not meet criteria
2024-10-30 22:57:58,184 - INFO - Processing Table 62
2024-10-30 22:57:58,293 - WARNING - Applied processor reduces input query to empty string, all comparisons will have score 0. [Query: '']
2024-10-30 22:57:58,293 - WARNING - Applied processor reduces input query to empty string, all comparisons will have score 0. [Query: '']
2024-10-30 22:57:58,294 - WARNING - Applied processor reduces input query to empty string, all comparisons will have score 0. [Query: '']
2024-10-30 22:57:58,294 - WARNING - Applied processor reduces input query to empty string, all comparisons will have score 0. [Query: '']
2024-10-30 22:57:58,297 - ERROR - Error processing table 62: The truth value of a Series is ambiguous. Use a.empty, a.bool(), a.item(), a.any() or a.all().
2024-10-30 22:57:58,297 - INFO - Processing Table 63
2024-10-30 22:57:58,547 - WARNING - Applied processor reduces input query to empty string, all comparisons will have score 0. [Query: '']
2024-10-30 22:57:58,547 - WARNING - Applied processor reduces input query to empty string, all comparisons will have score 0. [Query: '']
2024-10-30 22:57:58,550 - WARNING - Table 63 rejected: Does not meet criteria
2024-10-30 22:57:58,550 - INFO - Processing Table 64
2024-10-30 22:57:58,886 - WARNING - Table 64 rejected: Does not meet criteria
2024-10-30 22:57:58,886 - INFO - Processing Table 65
2024-10-30 22:57:59,171 - WARNING - Applied processor reduces input query to empty string, all comparisons will have score 0. [Query: '']
2024-10-30 22:57:59,173 - WARNING - Table 65 rejected: Does not meet criteria
2024-10-30 22:57:59,173 - INFO - Processing Table 66
2024-10-30 22:57:59,429 - WARNING - Table 66 rejected: Does not meet criteria
2024-10-30 22:57:59,429 - INFO - Processing Table 67
2024-10-30 22:57:59,824 - WARNING - Table 67 rejected: Does not meet criteria
2024-10-30 22:57:59,825 - INFO - Processing Table 68
2024-10-30 22:58:00,270 - WARNING - Table 68 rejected: Does not meet criteria
2024-10-30 22:58:00,270 - INFO - Processing Table 69
2024-10-30 22:58:00,394 - WARNING - Table 69 rejected: Does not meet criteria
2024-10-30 22:58:00,394 - INFO - Processing Table 70
2024-10-30 22:58:00,657 - INFO - Table 70 saved as table_1.csv
2024-10-30 22:58:00,657 - INFO - Processing Table 71
2024-10-30 22:58:00,740 - INFO - Table 71 saved as table_2.csv
2024-10-30 22:58:00,740 - INFO - Processing Table 72
2024-10-30 22:58:00,850 - WARNING - Applied processor reduces input query to empty string, all comparisons will have score 0. [Query: '%']
2024-10-30 22:58:00,851 - ERROR - Error processing table 72: The truth value of a Series is ambiguous. Use a.empty, a.bool(), a.item(), a.any() or a.all().
2024-10-30 22:58:00,851 - INFO - Processing Table 73
2024-10-30 22:58:00,965 - WARNING - Applied processor reduces input query to empty string, all comparisons will have score 0. [Query: '%']
2024-10-30 22:58:00,966 - ERROR - Error processing table 73: The truth value of a Series is ambiguous. Use a.empty, a.bool(), a.item(), a.any() or a.all().
2024-10-30 22:58:00,966 - INFO - Processing Table 74
2024-10-30 22:58:01,115 - INFO - Table 74 saved as table_3.csv
2024-10-30 22:58:01,115 - INFO - Processing Table 75
2024-10-30 22:58:01,182 - INFO - Table 75 saved as table_4.csv
2024-10-30 22:58:01,182 - INFO - Processing Table 76
2024-10-30 22:58:01,427 - WARNING - Applied processor reduces input query to empty string, all comparisons will have score 0. [Query: '']
2024-10-30 22:58:01,427 - WARNING - Applied processor reduces input query to empty string, all comparisons will have score 0. [Query: '']
2024-10-30 22:58:01,430 - ERROR - Error processing table 76: The truth value of a Series is ambiguous. Use a.empty, a.bool(), a.item(), a.any() or a.all().
2024-10-30 22:58:01,430 - INFO - Processing Table 77
2024-10-30 22:58:01,654 - WARNING - Table 77 rejected: Does not meet criteria
2024-10-30 22:58:01,654 - INFO - Processing Table 78
2024-10-30 22:58:01,842 - WARNING - Table 78 rejected: Does not meet criteria
2024-10-30 22:58:01,843 - INFO - Processing Table 79
2024-10-30 22:58:02,166 - WARNING - Applied processor reduces input query to empty string, all comparisons will have score 0. [Query: '']
2024-10-30 22:58:02,166 - WARNING - Applied processor reduces input query to empty string, all comparisons will have score 0. [Query: '']
2024-10-30 22:58:02,166 - WARNING - Applied processor reduces input query to empty string, all comparisons will have score 0. [Query: '']
2024-10-30 22:58:02,166 - WARNING - Applied processor reduces input query to empty string, all comparisons will have score 0. [Query: '']
2024-10-30 22:58:02,166 - WARNING - Table 79 rejected: Does not meet criteria
2024-10-30 22:58:02,166 - INFO - Processing Table 80
2024-10-30 22:58:02,292 - WARNING - Table 80 rejected: Does not meet criteria
2024-10-30 22:58:02,292 - INFO - Processing Table 81
2024-10-30 22:58:02,638 - WARNING - Applied processor reduces input query to empty string, all comparisons will have score 0. [Query: '']
2024-10-30 22:58:02,638 - WARNING - Applied processor reduces input query to empty string, all comparisons will have score 0. [Query: '']
2024-10-30 22:58:02,638 - WARNING - Table 81 rejected: Does not meet criteria
2024-10-30 22:58:02,638 - INFO - Processing Table 82
2024-10-30 22:58:02,863 - WARNING - Applied processor reduces input query to empty string, all comparisons will have score 0. [Query: '']
2024-10-30 22:58:02,863 - WARNING - Table 82 rejected: Does not meet criteria
2024-10-30 22:58:02,863 - INFO - Processing Table 83
2024-10-30 22:58:03,058 - WARNING - Table 83 rejected: Does not meet criteria
2024-10-30 22:58:03,058 - INFO - Processing Table 84
2024-10-30 22:58:03,446 - WARNING - Table 84 rejected: Does not meet criteria
2024-10-30 22:58:03,446 - INFO - Processing Table 85
2024-10-30 22:58:03,762 - WARNING - Applied processor reduces input query to empty string, all comparisons will have score 0. [Query: '']
2024-10-30 22:58:03,762 - WARNING - Applied processor reduces input query to empty string, all comparisons will have score 0. [Query: '']
2024-10-30 22:58:03,762 - WARNING - Applied processor reduces input query to empty string, all comparisons will have score 0. [Query: '']
2024-10-30 22:58:03,763 - WARNING - Table 85 rejected: Does not meet criteria
2024-10-30 22:58:03,763 - INFO - Processing Table 86
2024-10-30 22:58:04,036 - WARNING - Applied processor reduces input query to empty string, all comparisons will have score 0. [Query: '']
2024-10-30 22:58:04,036 - WARNING - Applied processor reduces input query to empty string, all comparisons will have score 0. [Query: '']
2024-10-30 22:58:04,037 - WARNING - Table 86 rejected: Does not meet criteria
2024-10-30 22:58:04,037 - INFO - Processing Table 87
2024-10-30 22:58:04,211 - WARNING - Applied processor reduces input query to empty string, all comparisons will have score 0. [Query: '']
2024-10-30 22:58:04,211 - WARNING - Applied processor reduces input query to empty string, all comparisons will have score 0. [Query: '']
2024-10-30 22:58:04,211 - WARNING - Applied processor reduces input query to empty string, all comparisons will have score 0. [Query: '']
2024-10-30 22:58:04,211 - WARNING - Table 87 rejected: Does not meet criteria
2024-10-30 22:58:04,211 - INFO - Processing Table 88
2024-10-30 22:58:04,426 - WARNING - Applied processor reduces input query to empty string, all comparisons will have score 0. [Query: '']
2024-10-30 22:58:04,427 - WARNING - Table 88 rejected: Does not meet criteria
2024-10-30 22:58:04,427 - INFO - Processing Table 89
2024-10-30 22:58:04,517 - WARNING - Applied processor reduces input query to empty string, all comparisons will have score 0. [Query: '']
2024-10-30 22:58:04,517 - WARNING - Applied processor reduces input query to empty string, all comparisons will have score 0. [Query: '']
2024-10-30 22:58:04,517 - WARNING - Table 89 rejected: Does not meet criteria
2024-10-30 22:58:04,517 - INFO - Processing Table 90
2024-10-30 22:58:04,803 - WARNING - Applied processor reduces input query to empty string, all comparisons will have score 0. [Query: '']
2024-10-30 22:58:04,803 - WARNING - Applied processor reduces input query to empty string, all comparisons will have score 0. [Query: '']
2024-10-30 22:58:04,803 - WARNING - Table 90 rejected: Does not meet criteria
2024-10-30 22:58:04,803 - INFO - Processing Table 91
2024-10-30 22:58:04,901 - WARNING - Applied processor reduces input query to empty string, all comparisons will have score 0. [Query: '']
2024-10-30 22:58:04,902 - WARNING - Applied processor reduces input query to empty string, all comparisons will have score 0. [Query: '']
2024-10-30 22:58:04,902 - WARNING - Table 91 rejected: Does not meet criteria
2024-10-30 22:58:04,902 - INFO - Processing complete. 4 valid tables saved.
2024-10-30 22:59:10,990 - INFO - 
Device Information:
------------------
PyTorch Version: 2.4.1
System: Darwin
Processor: arm
CUDA Available: False
MPS Available: True
Selected Device: mps

2024-10-30 22:59:18,310 - INFO - Processing Table 1
2024-10-30 22:59:18,590 - WARNING - Applied processor reduces input query to empty string, all comparisons will have score 0. [Query: '']
2024-10-30 22:59:18,591 - WARNING - Table 1 rejected: Does not meet criteria
2024-10-30 22:59:18,591 - INFO - Processing Table 2
2024-10-30 22:59:18,819 - WARNING - Applied processor reduces input query to empty string, all comparisons will have score 0. [Query: '']
2024-10-30 22:59:18,819 - WARNING - Applied processor reduces input query to empty string, all comparisons will have score 0. [Query: '']
2024-10-30 22:59:18,819 - WARNING - Applied processor reduces input query to empty string, all comparisons will have score 0. [Query: '']
2024-10-30 22:59:18,820 - ERROR - Error processing table 2: The truth value of a Series is ambiguous. Use a.empty, a.bool(), a.item(), a.any() or a.all().
2024-10-30 22:59:18,820 - INFO - Processing Table 3
2024-10-30 22:59:18,871 - WARNING - Table 3 rejected: Does not meet criteria
2024-10-30 22:59:18,871 - INFO - Processing Table 4
2024-10-30 22:59:18,921 - WARNING - Table 4 rejected: Does not meet criteria
2024-10-30 22:59:18,921 - INFO - Processing Table 5
2024-10-30 22:59:19,204 - WARNING - Table 5 rejected: Does not meet criteria
2024-10-30 22:59:19,204 - INFO - Processing Table 6
2024-10-30 22:59:19,440 - WARNING - Applied processor reduces input query to empty string, all comparisons will have score 0. [Query: '']
2024-10-30 22:59:19,442 - WARNING - Table 6 rejected: Does not meet criteria
2024-10-30 22:59:19,442 - INFO - Processing Table 7
2024-10-30 22:59:19,627 - WARNING - Table 7 rejected: Does not meet criteria
2024-10-30 22:59:19,627 - INFO - Processing Table 8
2024-10-30 22:59:19,817 - WARNING - Applied processor reduces input query to empty string, all comparisons will have score 0. [Query: '']
2024-10-30 22:59:19,817 - WARNING - Table 8 rejected: Does not meet criteria
2024-10-30 22:59:19,817 - INFO - Processing Table 9
2024-10-30 22:59:20,061 - WARNING - Applied processor reduces input query to empty string, all comparisons will have score 0. [Query: '']
2024-10-30 22:59:20,062 - WARNING - Applied processor reduces input query to empty string, all comparisons will have score 0. [Query: '']
2024-10-30 22:59:20,062 - WARNING - Table 9 rejected: Does not meet criteria
2024-10-30 22:59:20,062 - INFO - Processing Table 10
2024-10-30 22:59:20,243 - WARNING - Applied processor reduces input query to empty string, all comparisons will have score 0. [Query: '']
2024-10-30 22:59:20,243 - WARNING - Applied processor reduces input query to empty string, all comparisons will have score 0. [Query: '']
2024-10-30 22:59:20,243 - WARNING - Table 10 rejected: Does not meet criteria
2024-10-30 22:59:20,244 - INFO - Processing Table 11
2024-10-30 22:59:20,524 - WARNING - Table 11 rejected: Does not meet criteria
2024-10-30 22:59:20,524 - INFO - Processing Table 12
2024-10-30 22:59:20,773 - WARNING - Applied processor reduces input query to empty string, all comparisons will have score 0. [Query: '']
2024-10-30 22:59:20,774 - WARNING - Table 12 rejected: Does not meet criteria
2024-10-30 22:59:20,774 - INFO - Processing Table 13
2024-10-30 22:59:21,113 - WARNING - Applied processor reduces input query to empty string, all comparisons will have score 0. [Query: '']
2024-10-30 22:59:21,113 - WARNING - Applied processor reduces input query to empty string, all comparisons will have score 0. [Query: '']
2024-10-30 22:59:21,114 - WARNING - Table 13 rejected: Does not meet criteria
2024-10-30 22:59:21,114 - INFO - Processing Table 14
2024-10-30 22:59:21,402 - WARNING - Table 14 rejected: Does not meet criteria
2024-10-30 22:59:21,402 - INFO - Processing Table 15
2024-10-30 22:59:21,512 - WARNING - Table 15 rejected: Does not meet criteria
2024-10-30 22:59:21,512 - INFO - Processing Table 16
2024-10-30 22:59:21,825 - WARNING - Table 16 rejected: Does not meet criteria
2024-10-30 22:59:21,825 - INFO - Processing Table 17
2024-10-30 22:59:21,988 - WARNING - Applied processor reduces input query to empty string, all comparisons will have score 0. [Query: '']
2024-10-30 22:59:21,988 - WARNING - Applied processor reduces input query to empty string, all comparisons will have score 0. [Query: '']
2024-10-30 22:59:21,988 - WARNING - Applied processor reduces input query to empty string, all comparisons will have score 0. [Query: '']
2024-10-30 22:59:21,988 - WARNING - Applied processor reduces input query to empty string, all comparisons will have score 0. [Query: '']
2024-10-30 22:59:21,988 - WARNING - Table 17 rejected: Does not meet criteria
2024-10-30 22:59:21,988 - INFO - Processing Table 18
2024-10-30 22:59:22,183 - WARNING - Applied processor reduces input query to empty string, all comparisons will have score 0. [Query: '']
2024-10-30 22:59:22,184 - WARNING - Table 18 rejected: Does not meet criteria
2024-10-30 22:59:22,184 - INFO - Processing Table 19
2024-10-30 22:59:22,646 - WARNING - Applied processor reduces input query to empty string, all comparisons will have score 0. [Query: '']
2024-10-30 22:59:22,646 - WARNING - Applied processor reduces input query to empty string, all comparisons will have score 0. [Query: '']
2024-10-30 22:59:22,646 - WARNING - Table 19 rejected: Does not meet criteria
2024-10-30 22:59:22,646 - INFO - Processing Table 20
2024-10-30 22:59:22,958 - WARNING - Applied processor reduces input query to empty string, all comparisons will have score 0. [Query: '']
2024-10-30 22:59:22,958 - WARNING - Applied processor reduces input query to empty string, all comparisons will have score 0. [Query: '']
2024-10-30 22:59:22,958 - WARNING - Table 20 rejected: Does not meet criteria
2024-10-30 22:59:22,958 - INFO - Processing Table 21
2024-10-30 22:59:23,057 - WARNING - Applied processor reduces input query to empty string, all comparisons will have score 0. [Query: '']
2024-10-30 22:59:23,057 - WARNING - Applied processor reduces input query to empty string, all comparisons will have score 0. [Query: '']
2024-10-30 22:59:23,057 - WARNING - Applied processor reduces input query to empty string, all comparisons will have score 0. [Query: '']
2024-10-30 22:59:23,057 - WARNING - Table 21 rejected: Does not meet criteria
2024-10-30 22:59:23,057 - INFO - Processing Table 22
2024-10-30 22:59:23,128 - WARNING - Applied processor reduces input query to empty string, all comparisons will have score 0. [Query: '']
2024-10-30 22:59:23,128 - WARNING - Applied processor reduces input query to empty string, all comparisons will have score 0. [Query: '']
2024-10-30 22:59:23,129 - WARNING - Table 22 rejected: Does not meet criteria
2024-10-30 22:59:23,129 - INFO - Processing Table 23
2024-10-30 22:59:23,358 - INFO - Table 23 saved as table_1.csv
2024-10-30 22:59:23,358 - INFO - Processing Table 24
2024-10-30 22:59:23,688 - WARNING - Applied processor reduces input query to empty string, all comparisons will have score 0. [Query: '']
2024-10-30 22:59:23,688 - WARNING - Applied processor reduces input query to empty string, all comparisons will have score 0. [Query: '']
2024-10-30 22:59:23,688 - WARNING - Applied processor reduces input query to empty string, all comparisons will have score 0. [Query: '']
2024-10-30 22:59:23,688 - WARNING - Table 24 rejected: Does not meet criteria
2024-10-30 22:59:23,688 - INFO - Processing Table 25
2024-10-30 22:59:23,805 - WARNING - Table 25 rejected: Does not meet criteria
2024-10-30 22:59:23,805 - INFO - Processing Table 26
2024-10-30 22:59:23,966 - WARNING - Table 26 rejected: Does not meet criteria
2024-10-30 22:59:23,966 - INFO - Processing Table 27
2024-10-30 22:59:24,108 - WARNING - Applied processor reduces input query to empty string, all comparisons will have score 0. [Query: '']
2024-10-30 22:59:24,109 - WARNING - Table 27 rejected: Does not meet criteria
2024-10-30 22:59:24,109 - INFO - Processing Table 28
2024-10-30 22:59:24,392 - WARNING - Table 28 rejected: Does not meet criteria
2024-10-30 22:59:24,392 - INFO - Processing Table 29
2024-10-30 22:59:24,734 - WARNING - Table 29 rejected: Does not meet criteria
2024-10-30 22:59:24,734 - INFO - Processing Table 30
2024-10-30 22:59:24,924 - WARNING - Applied processor reduces input query to empty string, all comparisons will have score 0. [Query: '']
2024-10-30 22:59:24,924 - WARNING - Table 30 rejected: Does not meet criteria
2024-10-30 22:59:24,924 - INFO - Processing Table 31
2024-10-30 22:59:24,974 - WARNING - Applied processor reduces input query to empty string, all comparisons will have score 0. [Query: '']
2024-10-30 22:59:24,974 - WARNING - Applied processor reduces input query to empty string, all comparisons will have score 0. [Query: '']
2024-10-30 22:59:24,974 - WARNING - Applied processor reduces input query to empty string, all comparisons will have score 0. [Query: '']
2024-10-30 22:59:24,974 - WARNING - Applied processor reduces input query to empty string, all comparisons will have score 0. [Query: '']
2024-10-30 22:59:24,974 - WARNING - Table 31 rejected: Does not meet criteria
2024-10-30 22:59:24,974 - INFO - Processing Table 32
2024-10-30 22:59:25,160 - WARNING - Applied processor reduces input query to empty string, all comparisons will have score 0. [Query: '']
2024-10-30 22:59:25,160 - WARNING - Applied processor reduces input query to empty string, all comparisons will have score 0. [Query: '']
2024-10-30 22:59:25,161 - WARNING - Table 32 rejected: Does not meet criteria
2024-10-30 22:59:25,161 - INFO - Processing Table 33
2024-10-30 22:59:25,379 - WARNING - Table 33 rejected: Does not meet criteria
2024-10-30 22:59:25,380 - INFO - Processing Table 34
2024-10-30 22:59:25,515 - WARNING - Applied processor reduces input query to empty string, all comparisons will have score 0. [Query: '']
2024-10-30 22:59:25,515 - WARNING - Applied processor reduces input query to empty string, all comparisons will have score 0. [Query: '']
2024-10-30 22:59:25,515 - WARNING - Table 34 rejected: Does not meet criteria
2024-10-30 22:59:25,515 - INFO - Processing Table 35
2024-10-30 22:59:25,633 - WARNING - Applied processor reduces input query to empty string, all comparisons will have score 0. [Query: '']
2024-10-30 22:59:25,633 - WARNING - Applied processor reduces input query to empty string, all comparisons will have score 0. [Query: '']
2024-10-30 22:59:25,633 - WARNING - Applied processor reduces input query to empty string, all comparisons will have score 0. [Query: '']
2024-10-30 22:59:25,633 - WARNING - Applied processor reduces input query to empty string, all comparisons will have score 0. [Query: '']
2024-10-30 22:59:25,633 - WARNING - Table 35 rejected: Does not meet criteria
2024-10-30 22:59:25,633 - INFO - Processing Table 36
2024-10-30 22:59:25,788 - WARNING - Applied processor reduces input query to empty string, all comparisons will have score 0. [Query: '']
2024-10-30 22:59:25,789 - WARNING - Table 36 rejected: Does not meet criteria
2024-10-30 22:59:25,790 - INFO - Processing Table 37
2024-10-30 22:59:25,943 - ERROR - Error processing table 37: The identified boxes have significant overlap: 115.57% of area is overlapping (Max is 90.00%)
2024-10-30 22:59:25,943 - INFO - Processing Table 38
2024-10-30 22:59:26,144 - WARNING - Applied processor reduces input query to empty string, all comparisons will have score 0. [Query: '']
2024-10-30 22:59:26,144 - WARNING - Applied processor reduces input query to empty string, all comparisons will have score 0. [Query: '']
2024-10-30 22:59:26,144 - WARNING - Table 38 rejected: Does not meet criteria
2024-10-30 22:59:26,144 - INFO - Processing Table 39
2024-10-30 22:59:26,424 - WARNING - Table 39 rejected: Does not meet criteria
2024-10-30 22:59:26,424 - INFO - Processing Table 40
2024-10-30 22:59:26,691 - WARNING - Table 40 rejected: Does not meet criteria
2024-10-30 22:59:26,691 - INFO - Processing Table 41
2024-10-30 22:59:26,818 - WARNING - Table 41 rejected: Does not meet criteria
2024-10-30 22:59:26,819 - INFO - Processing Table 42
2024-10-30 22:59:26,917 - WARNING - Applied processor reduces input query to empty string, all comparisons will have score 0. [Query: '']
2024-10-30 22:59:26,918 - WARNING - Applied processor reduces input query to empty string, all comparisons will have score 0. [Query: '']
2024-10-30 22:59:26,918 - WARNING - Table 42 rejected: Does not meet criteria
2024-10-30 22:59:26,918 - INFO - Processing Table 43
2024-10-30 22:59:27,365 - WARNING - Applied processor reduces input query to empty string, all comparisons will have score 0. [Query: '']
2024-10-30 22:59:27,367 - WARNING - Table 43 rejected: Does not meet criteria
2024-10-30 22:59:27,367 - INFO - Processing Table 44
2024-10-30 22:59:27,881 - WARNING - Table 44 rejected: Does not meet criteria
2024-10-30 22:59:27,881 - INFO - Processing Table 45
2024-10-30 22:59:28,106 - WARNING - Applied processor reduces input query to empty string, all comparisons will have score 0. [Query: '']
2024-10-30 22:59:28,106 - WARNING - Applied processor reduces input query to empty string, all comparisons will have score 0. [Query: '']
2024-10-30 22:59:28,106 - WARNING - Table 45 rejected: Does not meet criteria
2024-10-30 22:59:28,106 - INFO - Processing Table 46
2024-10-30 22:59:28,338 - WARNING - Table 46 rejected: Does not meet criteria
2024-10-30 22:59:28,338 - INFO - Processing Table 47
2024-10-30 22:59:28,431 - WARNING - Applied processor reduces input query to empty string, all comparisons will have score 0. [Query: '']
2024-10-30 22:59:28,432 - WARNING - Table 47 rejected: Does not meet criteria
2024-10-30 22:59:28,432 - INFO - Processing Table 48
2024-10-30 22:59:28,501 - ERROR - Error processing table 48: The identified boxes have significant overlap: 104.55% of area is overlapping (Max is 90.00%)
2024-10-30 22:59:28,501 - INFO - Processing Table 49
2024-10-30 22:59:28,782 - WARNING - Table 49 rejected: Does not meet criteria
2024-10-30 22:59:28,782 - INFO - Processing Table 50
2024-10-30 22:59:29,020 - WARNING - Table 50 rejected: Does not meet criteria
2024-10-30 22:59:29,020 - INFO - Processing Table 51
2024-10-30 22:59:29,203 - WARNING - Table 51 rejected: Does not meet criteria
2024-10-30 22:59:29,203 - INFO - Processing Table 52
2024-10-30 22:59:29,280 - WARNING - Applied processor reduces input query to empty string, all comparisons will have score 0. [Query: '']
2024-10-30 22:59:29,280 - WARNING - Applied processor reduces input query to empty string, all comparisons will have score 0. [Query: '']
2024-10-30 22:59:29,280 - WARNING - Applied processor reduces input query to empty string, all comparisons will have score 0. [Query: '']
2024-10-30 22:59:29,280 - WARNING - Applied processor reduces input query to empty string, all comparisons will have score 0. [Query: '']
2024-10-30 22:59:29,280 - WARNING - Applied processor reduces input query to empty string, all comparisons will have score 0. [Query: '']
2024-10-30 22:59:29,280 - WARNING - Applied processor reduces input query to empty string, all comparisons will have score 0. [Query: '']
2024-10-30 22:59:29,280 - WARNING - Applied processor reduces input query to empty string, all comparisons will have score 0. [Query: '']
2024-10-30 22:59:29,280 - WARNING - Applied processor reduces input query to empty string, all comparisons will have score 0. [Query: '']
2024-10-30 22:59:29,280 - WARNING - Applied processor reduces input query to empty string, all comparisons will have score 0. [Query: '']
2024-10-30 22:59:29,280 - WARNING - Applied processor reduces input query to empty string, all comparisons will have score 0. [Query: '']
2024-10-30 22:59:29,280 - WARNING - Applied processor reduces input query to empty string, all comparisons will have score 0. [Query: '']
2024-10-30 22:59:29,281 - WARNING - Table 52 rejected: Does not meet criteria
2024-10-30 22:59:29,281 - INFO - Processing Table 53
2024-10-30 22:59:29,387 - WARNING - Applied processor reduces input query to empty string, all comparisons will have score 0. [Query: '']
2024-10-30 22:59:29,387 - WARNING - Applied processor reduces input query to empty string, all comparisons will have score 0. [Query: '']
2024-10-30 22:59:29,388 - WARNING - Table 53 rejected: Does not meet criteria
2024-10-30 22:59:29,388 - INFO - Processing Table 54
2024-10-30 22:59:29,538 - WARNING - Applied processor reduces input query to empty string, all comparisons will have score 0. [Query: '']
2024-10-30 22:59:29,538 - WARNING - Applied processor reduces input query to empty string, all comparisons will have score 0. [Query: '']
2024-10-30 22:59:29,538 - WARNING - Table 54 rejected: Does not meet criteria
2024-10-30 22:59:29,538 - INFO - Processing Table 55
2024-10-30 22:59:29,812 - ERROR - Error processing table 55: The identified boxes have significant overlap: 261.28% of area is overlapping (Max is 90.00%)
2024-10-30 22:59:29,812 - INFO - Processing Table 56
2024-10-30 22:59:30,040 - WARNING - Applied processor reduces input query to empty string, all comparisons will have score 0. [Query: '']
2024-10-30 22:59:30,041 - WARNING - Table 56 rejected: Does not meet criteria
2024-10-30 22:59:30,041 - INFO - Processing Table 57
2024-10-30 22:59:30,270 - WARNING - Applied processor reduces input query to empty string, all comparisons will have score 0. [Query: '']
2024-10-30 22:59:30,271 - WARNING - Table 57 rejected: Does not meet criteria
2024-10-30 22:59:30,271 - INFO - Processing Table 58
2024-10-30 22:59:30,381 - WARNING - Applied processor reduces input query to empty string, all comparisons will have score 0. [Query: '']
2024-10-30 22:59:30,381 - WARNING - Applied processor reduces input query to empty string, all comparisons will have score 0. [Query: '']
2024-10-30 22:59:30,382 - WARNING - Applied processor reduces input query to empty string, all comparisons will have score 0. [Query: '']
2024-10-30 22:59:30,382 - WARNING - Applied processor reduces input query to empty string, all comparisons will have score 0. [Query: '']
2024-10-30 22:59:30,382 - WARNING - Table 58 rejected: Does not meet criteria
2024-10-30 22:59:30,382 - INFO - Processing Table 59
2024-10-30 22:59:30,522 - WARNING - Table 59 rejected: Does not meet criteria
2024-10-30 22:59:30,522 - INFO - Processing Table 60
2024-10-30 22:59:30,934 - WARNING - Applied processor reduces input query to empty string, all comparisons will have score 0. [Query: '']
2024-10-30 22:59:30,935 - WARNING - Applied processor reduces input query to empty string, all comparisons will have score 0. [Query: '']
2024-10-30 22:59:30,935 - WARNING - Table 60 rejected: Does not meet criteria
2024-10-30 22:59:30,935 - INFO - Processing Table 61
2024-10-30 22:59:31,042 - WARNING - Applied processor reduces input query to empty string, all comparisons will have score 0. [Query: '']
2024-10-30 22:59:31,044 - WARNING - Table 61 rejected: Does not meet criteria
2024-10-30 22:59:31,044 - INFO - Processing Table 62
2024-10-30 22:59:31,308 - WARNING - Applied processor reduces input query to empty string, all comparisons will have score 0. [Query: '']
2024-10-30 22:59:31,308 - WARNING - Applied processor reduces input query to empty string, all comparisons will have score 0. [Query: '']
2024-10-30 22:59:31,308 - WARNING - Table 62 rejected: Does not meet criteria
2024-10-30 22:59:31,308 - INFO - Processing Table 63
2024-10-30 22:59:31,438 - WARNING - Applied processor reduces input query to empty string, all comparisons will have score 0. [Query: '']
2024-10-30 22:59:31,438 - WARNING - Applied processor reduces input query to empty string, all comparisons will have score 0. [Query: '']
2024-10-30 22:59:31,439 - WARNING - Table 63 rejected: Does not meet criteria
2024-10-30 22:59:31,439 - INFO - Processing Table 64
2024-10-30 22:59:31,852 - WARNING - Applied processor reduces input query to empty string, all comparisons will have score 0. [Query: '']
2024-10-30 22:59:31,852 - WARNING - Applied processor reduces input query to empty string, all comparisons will have score 0. [Query: '']
2024-10-30 22:59:31,853 - WARNING - Table 64 rejected: Does not meet criteria
2024-10-30 22:59:31,853 - INFO - Processing Table 65
2024-10-30 22:59:31,931 - WARNING - Table 65 rejected: Does not meet criteria
2024-10-30 22:59:31,931 - INFO - Processing Table 66
2024-10-30 22:59:32,096 - WARNING - Table 66 rejected: Does not meet criteria
2024-10-30 22:59:32,096 - INFO - Processing Table 67
2024-10-30 22:59:32,200 - WARNING - Applied processor reduces input query to empty string, all comparisons will have score 0. [Query: '']
2024-10-30 22:59:32,200 - WARNING - Table 67 rejected: Does not meet criteria
2024-10-30 22:59:32,201 - INFO - Processing Table 68
2024-10-30 22:59:32,287 - WARNING - Applied processor reduces input query to empty string, all comparisons will have score 0. [Query: '']
2024-10-30 22:59:32,287 - WARNING - Applied processor reduces input query to empty string, all comparisons will have score 0. [Query: '']
2024-10-30 22:59:32,287 - WARNING - Applied processor reduces input query to empty string, all comparisons will have score 0. [Query: '']
2024-10-30 22:59:32,288 - WARNING - Table 68 rejected: Does not meet criteria
2024-10-30 22:59:32,288 - INFO - Processing Table 69
2024-10-30 22:59:32,346 - WARNING - Applied processor reduces input query to empty string, all comparisons will have score 0. [Query: '']
2024-10-30 22:59:32,346 - WARNING - Applied processor reduces input query to empty string, all comparisons will have score 0. [Query: '']
2024-10-30 22:59:32,347 - WARNING - Table 69 rejected: Does not meet criteria
2024-10-30 22:59:32,347 - INFO - Processing Table 70
2024-10-30 22:59:32,392 - WARNING - Applied processor reduces input query to empty string, all comparisons will have score 0. [Query: '']
2024-10-30 22:59:32,392 - WARNING - Applied processor reduces input query to empty string, all comparisons will have score 0. [Query: '']
2024-10-30 22:59:32,392 - WARNING - Applied processor reduces input query to empty string, all comparisons will have score 0. [Query: '']
2024-10-30 22:59:32,393 - WARNING - Table 70 rejected: Does not meet criteria
2024-10-30 22:59:32,393 - INFO - Processing Table 71
2024-10-30 22:59:32,519 - INFO - Table 71 saved as table_2.csv
2024-10-30 22:59:32,519 - INFO - Processing Table 72
2024-10-30 22:59:32,817 - WARNING - Table 72 rejected: Does not meet criteria
2024-10-30 22:59:32,818 - INFO - Processing Table 73
2024-10-30 22:59:32,945 - WARNING - Applied processor reduces input query to empty string, all comparisons will have score 0. [Query: '']
2024-10-30 22:59:32,946 - WARNING - Table 73 rejected: Does not meet criteria
2024-10-30 22:59:32,946 - INFO - Processing Table 74
2024-10-30 22:59:33,165 - WARNING - Applied processor reduces input query to empty string, all comparisons will have score 0. [Query: '']
2024-10-30 22:59:33,165 - WARNING - Applied processor reduces input query to empty string, all comparisons will have score 0. [Query: '']
2024-10-30 22:59:33,165 - WARNING - Table 74 rejected: Does not meet criteria
2024-10-30 22:59:33,165 - INFO - Processing Table 75
2024-10-30 22:59:33,280 - WARNING - Applied processor reduces input query to empty string, all comparisons will have score 0. [Query: '']
2024-10-30 22:59:33,280 - WARNING - Applied processor reduces input query to empty string, all comparisons will have score 0. [Query: '']
2024-10-30 22:59:33,281 - WARNING - Table 75 rejected: Does not meet criteria
2024-10-30 22:59:33,281 - INFO - Processing Table 76
2024-10-30 22:59:33,383 - WARNING - Applied processor reduces input query to empty string, all comparisons will have score 0. [Query: '']
2024-10-30 22:59:33,384 - WARNING - Table 76 rejected: Does not meet criteria
2024-10-30 22:59:33,384 - INFO - Processing Table 77
2024-10-30 22:59:33,556 - WARNING - Applied processor reduces input query to empty string, all comparisons will have score 0. [Query: '']
2024-10-30 22:59:33,558 - WARNING - Table 77 rejected: Does not meet criteria
2024-10-30 22:59:33,558 - INFO - Processing Table 78
2024-10-30 22:59:33,660 - WARNING - Applied processor reduces input query to empty string, all comparisons will have score 0. [Query: '']
2024-10-30 22:59:33,662 - ERROR - Error processing table 78: The truth value of a Series is ambiguous. Use a.empty, a.bool(), a.item(), a.any() or a.all().
2024-10-30 22:59:33,662 - INFO - Processing Table 79
2024-10-30 22:59:33,722 - WARNING - Applied processor reduces input query to empty string, all comparisons will have score 0. [Query: '']
2024-10-30 22:59:33,723 - ERROR - Error processing table 79: The truth value of a Series is ambiguous. Use a.empty, a.bool(), a.item(), a.any() or a.all().
2024-10-30 22:59:33,723 - INFO - Processing Table 80
2024-10-30 22:59:33,807 - WARNING - Applied processor reduces input query to empty string, all comparisons will have score 0. [Query: '']
2024-10-30 22:59:33,807 - WARNING - Applied processor reduces input query to empty string, all comparisons will have score 0. [Query: '']
2024-10-30 22:59:33,807 - WARNING - Table 80 rejected: Does not meet criteria
2024-10-30 22:59:33,807 - INFO - Processing Table 81
2024-10-30 22:59:33,976 - WARNING - Table 81 rejected: Does not meet criteria
2024-10-30 22:59:33,976 - INFO - Processing Table 82
2024-10-30 22:59:34,082 - WARNING - Applied processor reduces input query to empty string, all comparisons will have score 0. [Query: '']
2024-10-30 22:59:34,082 - WARNING - Applied processor reduces input query to empty string, all comparisons will have score 0. [Query: '']
2024-10-30 22:59:34,082 - WARNING - Applied processor reduces input query to empty string, all comparisons will have score 0. [Query: '']
2024-10-30 22:59:34,082 - WARNING - Table 82 rejected: Does not meet criteria
2024-10-30 22:59:34,082 - INFO - Processing Table 83
2024-10-30 22:59:34,172 - WARNING - Applied processor reduces input query to empty string, all comparisons will have score 0. [Query: '']
2024-10-30 22:59:34,172 - WARNING - Table 83 rejected: Does not meet criteria
2024-10-30 22:59:34,172 - INFO - Processing Table 84
2024-10-30 22:59:34,476 - WARNING - Applied processor reduces input query to empty string, all comparisons will have score 0. [Query: '']
2024-10-30 22:59:34,476 - WARNING - Applied processor reduces input query to empty string, all comparisons will have score 0. [Query: '']
2024-10-30 22:59:34,476 - WARNING - Table 84 rejected: Does not meet criteria
2024-10-30 22:59:34,476 - INFO - Processing Table 85
2024-10-30 22:59:34,779 - WARNING - Applied processor reduces input query to empty string, all comparisons will have score 0. [Query: '']
2024-10-30 22:59:34,780 - WARNING - Applied processor reduces input query to empty string, all comparisons will have score 0. [Query: '']
2024-10-30 22:59:34,780 - WARNING - Applied processor reduces input query to empty string, all comparisons will have score 0. [Query: '']
2024-10-30 22:59:34,780 - WARNING - Applied processor reduces input query to empty string, all comparisons will have score 0. [Query: '']
2024-10-30 22:59:34,780 - WARNING - Applied processor reduces input query to empty string, all comparisons will have score 0. [Query: '']
2024-10-30 22:59:34,780 - WARNING - Table 85 rejected: Does not meet criteria
2024-10-30 22:59:34,780 - INFO - Processing Table 86
2024-10-30 22:59:35,057 - WARNING - Table 86 rejected: Does not meet criteria
2024-10-30 22:59:35,057 - INFO - Processing Table 87
2024-10-30 22:59:35,364 - WARNING - Applied processor reduces input query to empty string, all comparisons will have score 0. [Query: '']
2024-10-30 22:59:35,367 - WARNING - Table 87 rejected: Does not meet criteria
2024-10-30 22:59:35,367 - INFO - Processing Table 88
2024-10-30 22:59:35,491 - WARNING - Applied processor reduces input query to empty string, all comparisons will have score 0. [Query: '']
2024-10-30 22:59:35,491 - WARNING - Applied processor reduces input query to empty string, all comparisons will have score 0. [Query: '']
2024-10-30 22:59:35,491 - WARNING - Applied processor reduces input query to empty string, all comparisons will have score 0. [Query: '']
2024-10-30 22:59:35,491 - WARNING - Applied processor reduces input query to empty string, all comparisons will have score 0. [Query: '']
2024-10-30 22:59:35,491 - WARNING - Applied processor reduces input query to empty string, all comparisons will have score 0. [Query: '']
2024-10-30 22:59:35,492 - ERROR - Error processing table 88: The truth value of a Series is ambiguous. Use a.empty, a.bool(), a.item(), a.any() or a.all().
2024-10-30 22:59:35,492 - INFO - Processing Table 89
2024-10-30 22:59:35,599 - WARNING - Applied processor reduces input query to empty string, all comparisons will have score 0. [Query: '']
2024-10-30 22:59:35,599 - WARNING - Applied processor reduces input query to empty string, all comparisons will have score 0. [Query: '']
2024-10-30 22:59:35,599 - WARNING - Applied processor reduces input query to empty string, all comparisons will have score 0. [Query: '']
2024-10-30 22:59:35,599 - WARNING - Applied processor reduces input query to empty string, all comparisons will have score 0. [Query: '']
2024-10-30 22:59:35,600 - WARNING - Table 89 rejected: Does not meet criteria
2024-10-30 22:59:35,600 - INFO - Processing Table 90
2024-10-30 22:59:35,667 - WARNING - Applied processor reduces input query to empty string, all comparisons will have score 0. [Query: '']
2024-10-30 22:59:35,668 - WARNING - Applied processor reduces input query to empty string, all comparisons will have score 0. [Query: '']
2024-10-30 22:59:35,668 - WARNING - Applied processor reduces input query to empty string, all comparisons will have score 0. [Query: '']
2024-10-30 22:59:35,668 - WARNING - Applied processor reduces input query to empty string, all comparisons will have score 0. [Query: '']
2024-10-30 22:59:35,668 - WARNING - Applied processor reduces input query to empty string, all comparisons will have score 0. [Query: '']
2024-10-30 22:59:35,668 - WARNING - Applied processor reduces input query to empty string, all comparisons will have score 0. [Query: '']
2024-10-30 22:59:35,668 - ERROR - Error processing table 90: The truth value of a Series is ambiguous. Use a.empty, a.bool(), a.item(), a.any() or a.all().
2024-10-30 22:59:35,669 - INFO - Processing Table 91
2024-10-30 22:59:36,052 - WARNING - Applied processor reduces input query to empty string, all comparisons will have score 0. [Query: '']
2024-10-30 22:59:36,052 - WARNING - Applied processor reduces input query to empty string, all comparisons will have score 0. [Query: '']
2024-10-30 22:59:36,052 - WARNING - Applied processor reduces input query to empty string, all comparisons will have score 0. [Query: '']
2024-10-30 22:59:36,052 - WARNING - Applied processor reduces input query to empty string, all comparisons will have score 0. [Query: '']
2024-10-30 22:59:36,052 - WARNING - Applied processor reduces input query to empty string, all comparisons will have score 0. [Query: '']
2024-10-30 22:59:36,052 - WARNING - Applied processor reduces input query to empty string, all comparisons will have score 0. [Query: '']
2024-10-30 22:59:36,053 - WARNING - Table 91 rejected: Does not meet criteria
2024-10-30 22:59:36,053 - INFO - Processing Table 92
2024-10-30 22:59:36,413 - WARNING - Applied processor reduces input query to empty string, all comparisons will have score 0. [Query: '']
2024-10-30 22:59:36,413 - WARNING - Applied processor reduces input query to empty string, all comparisons will have score 0. [Query: '']
2024-10-30 22:59:36,413 - WARNING - Table 92 rejected: Does not meet criteria
2024-10-30 22:59:36,413 - INFO - Processing Table 93
2024-10-30 22:59:36,498 - WARNING - Applied processor reduces input query to empty string, all comparisons will have score 0. [Query: '']
2024-10-30 22:59:36,498 - WARNING - Applied processor reduces input query to empty string, all comparisons will have score 0. [Query: '']
2024-10-30 22:59:36,498 - WARNING - Applied processor reduces input query to empty string, all comparisons will have score 0. [Query: '']
2024-10-30 22:59:36,499 - ERROR - Error processing table 93: The truth value of a Series is ambiguous. Use a.empty, a.bool(), a.item(), a.any() or a.all().
2024-10-30 22:59:36,499 - INFO - Processing Table 94
2024-10-30 22:59:36,750 - WARNING - Table 94 rejected: Does not meet criteria
2024-10-30 22:59:36,750 - INFO - Processing Table 95
2024-10-30 22:59:36,860 - WARNING - Applied processor reduces input query to empty string, all comparisons will have score 0. [Query: '']
2024-10-30 22:59:36,861 - WARNING - Table 95 rejected: Does not meet criteria
2024-10-30 22:59:36,861 - INFO - Processing Table 96
2024-10-30 22:59:37,077 - WARNING - Table 96 rejected: Does not meet criteria
2024-10-30 22:59:37,077 - INFO - Processing Table 97
2024-10-30 22:59:37,251 - WARNING - Table 97 rejected: Does not meet criteria
2024-10-30 22:59:37,251 - INFO - Processing Table 98
2024-10-30 22:59:37,464 - WARNING - Applied processor reduces input query to empty string, all comparisons will have score 0. [Query: '']
2024-10-30 22:59:37,464 - WARNING - Applied processor reduces input query to empty string, all comparisons will have score 0. [Query: '']
2024-10-30 22:59:37,464 - WARNING - Applied processor reduces input query to empty string, all comparisons will have score 0. [Query: '']
2024-10-30 22:59:37,464 - WARNING - Applied processor reduces input query to empty string, all comparisons will have score 0. [Query: '']
2024-10-30 22:59:37,464 - WARNING - Applied processor reduces input query to empty string, all comparisons will have score 0. [Query: '']
2024-10-30 22:59:37,464 - WARNING - Applied processor reduces input query to empty string, all comparisons will have score 0. [Query: '']
2024-10-30 22:59:37,464 - WARNING - Applied processor reduces input query to empty string, all comparisons will have score 0. [Query: '']
2024-10-30 22:59:37,464 - WARNING - Table 98 rejected: Does not meet criteria
2024-10-30 22:59:37,464 - INFO - Processing Table 99
2024-10-30 22:59:37,632 - WARNING - Table 99 rejected: Does not meet criteria
2024-10-30 22:59:37,632 - INFO - Processing Table 100
2024-10-30 22:59:37,719 - WARNING - Table 100 rejected: Does not meet criteria
2024-10-30 22:59:37,719 - INFO - Processing Table 101
2024-10-30 22:59:37,829 - INFO - Table 101 saved as table_3.csv
2024-10-30 22:59:37,829 - INFO - Processing Table 102
2024-10-30 22:59:37,992 - WARNING - Applied processor reduces input query to empty string, all comparisons will have score 0. [Query: '']
2024-10-30 22:59:37,992 - WARNING - Applied processor reduces input query to empty string, all comparisons will have score 0. [Query: '']
2024-10-30 22:59:37,994 - ERROR - Error processing table 102: The truth value of a Series is ambiguous. Use a.empty, a.bool(), a.item(), a.any() or a.all().
2024-10-30 22:59:37,994 - INFO - Processing Table 103
2024-10-30 22:59:38,339 - WARNING - Table 103 rejected: Does not meet criteria
2024-10-30 22:59:38,339 - INFO - Processing Table 104
2024-10-30 22:59:38,435 - INFO - Table 104 saved as table_4.csv
2024-10-30 22:59:38,435 - INFO - Processing Table 105
2024-10-30 22:59:38,538 - WARNING - Applied processor reduces input query to empty string, all comparisons will have score 0. [Query: '']
2024-10-30 22:59:38,539 - WARNING - Table 105 rejected: Does not meet criteria
2024-10-30 22:59:38,539 - INFO - Processing Table 106
2024-10-30 22:59:38,955 - WARNING - Applied processor reduces input query to empty string, all comparisons will have score 0. [Query: '']
2024-10-30 22:59:38,956 - WARNING - Table 106 rejected: Does not meet criteria
2024-10-30 22:59:38,956 - INFO - Processing Table 107
2024-10-30 22:59:39,136 - WARNING - Table 107 rejected: Does not meet criteria
2024-10-30 22:59:39,136 - INFO - Processing Table 108
2024-10-30 22:59:39,355 - WARNING - Applied processor reduces input query to empty string, all comparisons will have score 0. [Query: '']
2024-10-30 22:59:39,356 - WARNING - Table 108 rejected: Does not meet criteria
2024-10-30 22:59:39,356 - INFO - Processing Table 109
2024-10-30 22:59:39,669 - WARNING - Applied processor reduces input query to empty string, all comparisons will have score 0. [Query: '']
2024-10-30 22:59:39,669 - WARNING - Applied processor reduces input query to empty string, all comparisons will have score 0. [Query: '']
2024-10-30 22:59:39,670 - WARNING - Table 109 rejected: Does not meet criteria
2024-10-30 22:59:39,670 - INFO - Processing Table 110
2024-10-30 22:59:39,761 - WARNING - Applied processor reduces input query to empty string, all comparisons will have score 0. [Query: '']
2024-10-30 22:59:39,763 - WARNING - Table 110 rejected: Does not meet criteria
2024-10-30 22:59:39,763 - INFO - Processing Table 111
2024-10-30 22:59:40,099 - WARNING - Applied processor reduces input query to empty string, all comparisons will have score 0. [Query: '']
2024-10-30 22:59:40,101 - WARNING - Table 111 rejected: Does not meet criteria
2024-10-30 22:59:40,101 - INFO - Processing Table 112
2024-10-30 22:59:40,289 - WARNING - Applied processor reduces input query to empty string, all comparisons will have score 0. [Query: '']
2024-10-30 22:59:40,289 - WARNING - Applied processor reduces input query to empty string, all comparisons will have score 0. [Query: '']
2024-10-30 22:59:40,289 - WARNING - Applied processor reduces input query to empty string, all comparisons will have score 0. [Query: '']
2024-10-30 22:59:40,289 - WARNING - Applied processor reduces input query to empty string, all comparisons will have score 0. [Query: '']
2024-10-30 22:59:40,289 - WARNING - Table 112 rejected: Does not meet criteria
2024-10-30 22:59:40,289 - INFO - Processing Table 113
2024-10-30 22:59:40,529 - WARNING - Table 113 rejected: Does not meet criteria
2024-10-30 22:59:40,529 - INFO - Processing Table 114
2024-10-30 22:59:40,763 - WARNING - Applied processor reduces input query to empty string, all comparisons will have score 0. [Query: '']
2024-10-30 22:59:40,764 - WARNING - Table 114 rejected: Does not meet criteria
2024-10-30 22:59:40,764 - INFO - Processing Table 115
2024-10-30 22:59:40,944 - WARNING - Applied processor reduces input query to empty string, all comparisons will have score 0. [Query: '']
2024-10-30 22:59:40,945 - WARNING - Table 115 rejected: Does not meet criteria
2024-10-30 22:59:40,945 - INFO - Processing Table 116
2024-10-30 22:59:41,031 - WARNING - Applied processor reduces input query to empty string, all comparisons will have score 0. [Query: '']
2024-10-30 22:59:41,032 - WARNING - Table 116 rejected: Does not meet criteria
2024-10-30 22:59:41,032 - INFO - Processing Table 117
2024-10-30 22:59:41,326 - WARNING - Applied processor reduces input query to empty string, all comparisons will have score 0. [Query: '']
2024-10-30 22:59:41,328 - WARNING - Table 117 rejected: Does not meet criteria
2024-10-30 22:59:41,328 - INFO - Processing Table 118
2024-10-30 22:59:41,553 - WARNING - Applied processor reduces input query to empty string, all comparisons will have score 0. [Query: '']
2024-10-30 22:59:41,555 - WARNING - Table 118 rejected: Does not meet criteria
2024-10-30 22:59:41,555 - INFO - Processing Table 119
2024-10-30 22:59:41,721 - WARNING - Applied processor reduces input query to empty string, all comparisons will have score 0. [Query: '']
2024-10-30 22:59:41,722 - WARNING - Table 119 rejected: Does not meet criteria
2024-10-30 22:59:41,722 - INFO - Processing Table 120
2024-10-30 22:59:41,829 - WARNING - Applied processor reduces input query to empty string, all comparisons will have score 0. [Query: '']
2024-10-30 22:59:41,831 - WARNING - Table 120 rejected: Does not meet criteria
2024-10-30 22:59:41,831 - INFO - Processing Table 121
2024-10-30 22:59:42,035 - WARNING - Applied processor reduces input query to empty string, all comparisons will have score 0. [Query: '']
2024-10-30 22:59:42,036 - WARNING - Table 121 rejected: Does not meet criteria
2024-10-30 22:59:42,036 - INFO - Processing Table 122
2024-10-30 22:59:42,588 - WARNING - Applied processor reduces input query to empty string, all comparisons will have score 0. [Query: '']
2024-10-30 22:59:42,589 - WARNING - Table 122 rejected: Does not meet criteria
2024-10-30 22:59:42,589 - INFO - Processing Table 123
2024-10-30 22:59:42,908 - WARNING - Applied processor reduces input query to empty string, all comparisons will have score 0. [Query: '']
2024-10-30 22:59:42,909 - WARNING - Table 123 rejected: Does not meet criteria
2024-10-30 22:59:42,909 - INFO - Processing Table 124
2024-10-30 22:59:43,255 - WARNING - Applied processor reduces input query to empty string, all comparisons will have score 0. [Query: '']
2024-10-30 22:59:43,256 - WARNING - Table 124 rejected: Does not meet criteria
2024-10-30 22:59:43,256 - INFO - Processing Table 125
2024-10-30 22:59:43,492 - WARNING - Applied processor reduces input query to empty string, all comparisons will have score 0. [Query: '']
2024-10-30 22:59:43,493 - WARNING - Applied processor reduces input query to empty string, all comparisons will have score 0. [Query: '']
2024-10-30 22:59:43,495 - WARNING - Table 125 rejected: Does not meet criteria
2024-10-30 22:59:43,495 - INFO - Processing Table 126
2024-10-30 22:59:43,805 - WARNING - Table 126 rejected: Does not meet criteria
2024-10-30 22:59:43,805 - INFO - Processing Table 127
2024-10-30 22:59:43,880 - WARNING - Applied processor reduces input query to empty string, all comparisons will have score 0. [Query: '']
2024-10-30 22:59:43,881 - WARNING - Table 127 rejected: Does not meet criteria
2024-10-30 22:59:43,882 - INFO - Processing Table 128
2024-10-30 22:59:44,105 - WARNING - Applied processor reduces input query to empty string, all comparisons will have score 0. [Query: '']
2024-10-30 22:59:44,106 - WARNING - Table 128 rejected: Does not meet criteria
2024-10-30 22:59:44,106 - INFO - Processing Table 129
2024-10-30 22:59:44,333 - WARNING - Table 129 rejected: Does not meet criteria
2024-10-30 22:59:44,333 - INFO - Processing Table 130
2024-10-30 22:59:44,675 - WARNING - Table 130 rejected: Does not meet criteria
2024-10-30 22:59:44,675 - INFO - Processing Table 131
2024-10-30 22:59:44,713 - WARNING - Table 131 rejected: Does not meet criteria
2024-10-30 22:59:44,713 - INFO - Processing Table 132
2024-10-30 22:59:44,936 - WARNING - Applied processor reduces input query to empty string, all comparisons will have score 0. [Query: '']
2024-10-30 22:59:44,937 - WARNING - Table 132 rejected: Does not meet criteria
2024-10-30 22:59:44,937 - INFO - Processing Table 133
2024-10-30 22:59:45,038 - WARNING - Applied processor reduces input query to empty string, all comparisons will have score 0. [Query: '']
2024-10-30 22:59:45,039 - WARNING - Table 133 rejected: Does not meet criteria
2024-10-30 22:59:45,039 - INFO - Processing Table 134
2024-10-30 22:59:45,149 - WARNING - Applied processor reduces input query to empty string, all comparisons will have score 0. [Query: '']
2024-10-30 22:59:45,153 - WARNING - Applied processor reduces input query to empty string, all comparisons will have score 0. [Query: '']
2024-10-30 22:59:45,156 - WARNING - Table 134 rejected: Does not meet criteria
2024-10-30 22:59:45,157 - INFO - Processing Table 135
2024-10-30 22:59:45,392 - WARNING - Applied processor reduces input query to empty string, all comparisons will have score 0. [Query: '']
2024-10-30 22:59:45,394 - ERROR - Error processing table 135: The truth value of a Series is ambiguous. Use a.empty, a.bool(), a.item(), a.any() or a.all().
2024-10-30 22:59:45,394 - INFO - Processing Table 136
2024-10-30 22:59:45,751 - WARNING - Applied processor reduces input query to empty string, all comparisons will have score 0. [Query: '']
2024-10-30 22:59:45,753 - WARNING - Table 136 rejected: Does not meet criteria
2024-10-30 22:59:45,753 - INFO - Processing Table 137
2024-10-30 22:59:45,886 - WARNING - Applied processor reduces input query to empty string, all comparisons will have score 0. [Query: '']
2024-10-30 22:59:45,888 - WARNING - Table 137 rejected: Does not meet criteria
2024-10-30 22:59:45,888 - INFO - Processing Table 138
2024-10-30 22:59:46,006 - WARNING - Table 138 rejected: Does not meet criteria
2024-10-30 22:59:46,006 - INFO - Processing Table 139
2024-10-30 22:59:46,156 - WARNING - Table 139 rejected: Does not meet criteria
2024-10-30 22:59:46,156 - INFO - Processing Table 140
2024-10-30 22:59:46,300 - WARNING - Table 140 rejected: Does not meet criteria
2024-10-30 22:59:46,300 - INFO - Processing Table 141
2024-10-30 22:59:46,401 - WARNING - Table 141 rejected: Does not meet criteria
2024-10-30 22:59:46,401 - INFO - Processing Table 142
2024-10-30 22:59:46,592 - WARNING - Table 142 rejected: Does not meet criteria
2024-10-30 22:59:46,592 - INFO - Processing Table 143
2024-10-30 22:59:46,677 - WARNING - Table 143 rejected: Does not meet criteria
2024-10-30 22:59:46,677 - INFO - Processing Table 144
2024-10-30 22:59:46,743 - ERROR - Error processing table 144: The truth value of a Series is ambiguous. Use a.empty, a.bool(), a.item(), a.any() or a.all().
2024-10-30 22:59:46,743 - INFO - Processing Table 145
2024-10-30 22:59:47,176 - WARNING - Table 145 rejected: Does not meet criteria
2024-10-30 22:59:47,177 - INFO - Processing Table 146
2024-10-30 22:59:47,541 - WARNING - Table 146 rejected: Does not meet criteria
2024-10-30 22:59:47,541 - INFO - Processing Table 147
2024-10-30 22:59:48,000 - WARNING - Table 147 rejected: Does not meet criteria
2024-10-30 22:59:48,000 - INFO - Processing Table 148
2024-10-30 22:59:48,114 - WARNING - Table 148 rejected: Does not meet criteria
2024-10-30 22:59:48,114 - INFO - Processing Table 149
2024-10-30 22:59:48,358 - WARNING - Table 149 rejected: Does not meet criteria
2024-10-30 22:59:48,358 - INFO - Processing Table 150
2024-10-30 22:59:48,808 - WARNING - Applied processor reduces input query to empty string, all comparisons will have score 0. [Query: '']
2024-10-30 22:59:48,811 - WARNING - Table 150 rejected: Does not meet criteria
2024-10-30 22:59:48,811 - INFO - Processing Table 151
2024-10-30 22:59:49,502 - WARNING - Table 151 rejected: Does not meet criteria
2024-10-30 22:59:49,502 - INFO - Processing Table 152
2024-10-30 22:59:49,909 - WARNING - Table 152 rejected: Does not meet criteria
2024-10-30 22:59:49,909 - INFO - Processing Table 153
2024-10-30 22:59:50,386 - WARNING - Table 153 rejected: Does not meet criteria
2024-10-30 22:59:50,386 - INFO - Processing Table 154
2024-10-30 22:59:50,576 - WARNING - Applied processor reduces input query to empty string, all comparisons will have score 0. [Query: '']
2024-10-30 22:59:50,576 - WARNING - Applied processor reduces input query to empty string, all comparisons will have score 0. [Query: '']
2024-10-30 22:59:50,576 - WARNING - Applied processor reduces input query to empty string, all comparisons will have score 0. [Query: '']
2024-10-30 22:59:50,576 - WARNING - Applied processor reduces input query to empty string, all comparisons will have score 0. [Query: '']
2024-10-30 22:59:50,576 - WARNING - Applied processor reduces input query to empty string, all comparisons will have score 0. [Query: '']
2024-10-30 22:59:50,576 - WARNING - Applied processor reduces input query to empty string, all comparisons will have score 0. [Query: '']
2024-10-30 22:59:50,576 - WARNING - Applied processor reduces input query to empty string, all comparisons will have score 0. [Query: '']
2024-10-30 22:59:50,576 - WARNING - Applied processor reduces input query to empty string, all comparisons will have score 0. [Query: '']
2024-10-30 22:59:50,577 - WARNING - Table 154 rejected: Does not meet criteria
2024-10-30 22:59:50,577 - INFO - Processing Table 155
2024-10-30 22:59:50,880 - WARNING - Applied processor reduces input query to empty string, all comparisons will have score 0. [Query: '']
2024-10-30 22:59:50,887 - WARNING - Table 155 rejected: Does not meet criteria
2024-10-30 22:59:50,888 - INFO - Processing Table 156
2024-10-30 22:59:51,444 - WARNING - Applied processor reduces input query to empty string, all comparisons will have score 0. [Query: '']
2024-10-30 22:59:51,446 - WARNING - Table 156 rejected: Does not meet criteria
2024-10-30 22:59:51,446 - INFO - Processing Table 157
2024-10-30 22:59:51,706 - WARNING - Applied processor reduces input query to empty string, all comparisons will have score 0. [Query: '']
2024-10-30 22:59:51,707 - WARNING - Table 157 rejected: Does not meet criteria
2024-10-30 22:59:51,707 - INFO - Processing Table 158
2024-10-30 22:59:52,127 - WARNING - Applied processor reduces input query to empty string, all comparisons will have score 0. [Query: '']
2024-10-30 22:59:52,128 - WARNING - Table 158 rejected: Does not meet criteria
2024-10-30 22:59:52,128 - INFO - Processing Table 159
2024-10-30 22:59:52,243 - WARNING - Applied processor reduces input query to empty string, all comparisons will have score 0. [Query: '']
2024-10-30 22:59:52,245 - WARNING - Table 159 rejected: Does not meet criteria
2024-10-30 22:59:52,245 - INFO - Processing Table 160
2024-10-30 22:59:52,491 - WARNING - Table 160 rejected: Does not meet criteria
2024-10-30 22:59:52,491 - INFO - Processing Table 161
2024-10-30 22:59:52,652 - WARNING - Table 161 rejected: Does not meet criteria
2024-10-30 22:59:52,652 - INFO - Processing Table 162
2024-10-30 22:59:52,939 - WARNING - Table 162 rejected: Does not meet criteria
2024-10-30 22:59:52,939 - INFO - Processing Table 163
2024-10-30 22:59:53,332 - WARNING - Table 163 rejected: Does not meet criteria
2024-10-30 22:59:53,332 - INFO - Processing complete. 4 valid tables saved.
2024-10-30 23:01:15,984 - INFO - 
Device Information:
------------------
PyTorch Version: 2.4.1
System: Darwin
Processor: arm
CUDA Available: False
MPS Available: True
Selected Device: mps

2024-10-30 23:01:23,592 - INFO - Processing Table 1
2024-10-30 23:01:23,904 - WARNING - Applied processor reduces input query to empty string, all comparisons will have score 0. [Query: '']
2024-10-30 23:01:23,904 - WARNING - Table 1 rejected: Does not meet criteria
2024-10-30 23:01:23,904 - INFO - Processing Table 2
2024-10-30 23:01:24,149 - WARNING - Applied processor reduces input query to empty string, all comparisons will have score 0. [Query: '']
2024-10-30 23:01:24,149 - WARNING - Applied processor reduces input query to empty string, all comparisons will have score 0. [Query: '']
2024-10-30 23:01:24,149 - WARNING - Applied processor reduces input query to empty string, all comparisons will have score 0. [Query: '']
2024-10-30 23:01:24,150 - ERROR - Error processing table 2: The truth value of a Series is ambiguous. Use a.empty, a.bool(), a.item(), a.any() or a.all().
2024-10-30 23:01:24,150 - INFO - Processing Table 3
2024-10-30 23:01:24,203 - WARNING - Applied processor reduces input query to empty string, all comparisons will have score 0. [Query: '']
2024-10-30 23:01:24,203 - WARNING - Applied processor reduces input query to empty string, all comparisons will have score 0. [Query: '']
2024-10-30 23:01:24,203 - WARNING - Applied processor reduces input query to empty string, all comparisons will have score 0. [Query: '']
2024-10-30 23:01:24,203 - WARNING - Applied processor reduces input query to empty string, all comparisons will have score 0. [Query: '']
2024-10-30 23:01:24,204 - WARNING - Table 3 rejected: Does not meet criteria
2024-10-30 23:01:24,204 - INFO - Processing Table 4
2024-10-30 23:01:24,256 - WARNING - Table 4 rejected: Does not meet criteria
2024-10-30 23:01:24,256 - INFO - Processing Table 5
2024-10-30 23:01:24,590 - WARNING - Table 5 rejected: Does not meet criteria
2024-10-30 23:01:24,590 - INFO - Processing Table 6
2024-10-30 23:01:24,830 - WARNING - Table 6 rejected: Does not meet criteria
2024-10-30 23:01:24,830 - INFO - Processing Table 7
2024-10-30 23:01:25,023 - WARNING - Applied processor reduces input query to empty string, all comparisons will have score 0. [Query: '']
2024-10-30 23:01:25,023 - WARNING - Applied processor reduces input query to empty string, all comparisons will have score 0. [Query: '']
2024-10-30 23:01:25,023 - WARNING - Table 7 rejected: Does not meet criteria
2024-10-30 23:01:25,023 - INFO - Processing Table 8
2024-10-30 23:01:25,226 - WARNING - Applied processor reduces input query to empty string, all comparisons will have score 0. [Query: '']
2024-10-30 23:01:25,226 - WARNING - Table 8 rejected: Does not meet criteria
2024-10-30 23:01:25,226 - INFO - Processing Table 9
2024-10-30 23:01:25,497 - WARNING - Applied processor reduces input query to empty string, all comparisons will have score 0. [Query: '']
2024-10-30 23:01:25,498 - WARNING - Applied processor reduces input query to empty string, all comparisons will have score 0. [Query: '']
2024-10-30 23:01:25,498 - WARNING - Table 9 rejected: Does not meet criteria
2024-10-30 23:01:25,498 - INFO - Processing Table 10
2024-10-30 23:01:25,690 - WARNING - Applied processor reduces input query to empty string, all comparisons will have score 0. [Query: '']
2024-10-30 23:01:25,690 - WARNING - Applied processor reduces input query to empty string, all comparisons will have score 0. [Query: '']
2024-10-30 23:01:25,690 - WARNING - Table 10 rejected: Does not meet criteria
2024-10-30 23:01:25,690 - INFO - Processing Table 11
2024-10-30 23:01:26,001 - WARNING - Table 11 rejected: Does not meet criteria
2024-10-30 23:01:26,001 - INFO - Processing Table 12
2024-10-30 23:01:26,267 - WARNING - Applied processor reduces input query to empty string, all comparisons will have score 0. [Query: '']
2024-10-30 23:01:26,269 - WARNING - Table 12 rejected: Does not meet criteria
2024-10-30 23:01:26,269 - INFO - Processing Table 13
2024-10-30 23:01:26,562 - WARNING - Applied processor reduces input query to empty string, all comparisons will have score 0. [Query: '']
2024-10-30 23:01:26,562 - WARNING - Applied processor reduces input query to empty string, all comparisons will have score 0. [Query: '']
2024-10-30 23:01:26,562 - WARNING - Table 13 rejected: Does not meet criteria
2024-10-30 23:01:26,562 - INFO - Processing Table 14
2024-10-30 23:01:26,850 - WARNING - Applied processor reduces input query to empty string, all comparisons will have score 0. [Query: '']
2024-10-30 23:01:26,850 - WARNING - Applied processor reduces input query to empty string, all comparisons will have score 0. [Query: '']
2024-10-30 23:01:26,850 - WARNING - Table 14 rejected: Does not meet criteria
2024-10-30 23:01:26,850 - INFO - Processing Table 15
2024-10-30 23:01:26,961 - WARNING - Applied processor reduces input query to empty string, all comparisons will have score 0. [Query: '']
2024-10-30 23:01:26,961 - WARNING - Applied processor reduces input query to empty string, all comparisons will have score 0. [Query: '']
2024-10-30 23:01:26,961 - WARNING - Table 15 rejected: Does not meet criteria
2024-10-30 23:01:26,961 - INFO - Processing Table 16
2024-10-30 23:01:27,267 - WARNING - Applied processor reduces input query to empty string, all comparisons will have score 0. [Query: '']
2024-10-30 23:01:27,268 - WARNING - Table 16 rejected: Does not meet criteria
2024-10-30 23:01:27,268 - INFO - Processing Table 17
2024-10-30 23:01:27,432 - WARNING - Applied processor reduces input query to empty string, all comparisons will have score 0. [Query: '']
2024-10-30 23:01:27,433 - WARNING - Applied processor reduces input query to empty string, all comparisons will have score 0. [Query: '']
2024-10-30 23:01:27,433 - WARNING - Applied processor reduces input query to empty string, all comparisons will have score 0. [Query: '']
2024-10-30 23:01:27,433 - WARNING - Applied processor reduces input query to empty string, all comparisons will have score 0. [Query: '']
2024-10-30 23:01:27,433 - WARNING - Table 17 rejected: Does not meet criteria
2024-10-30 23:01:27,433 - INFO - Processing Table 18
2024-10-30 23:01:27,624 - WARNING - Applied processor reduces input query to empty string, all comparisons will have score 0. [Query: '']
2024-10-30 23:01:27,625 - WARNING - Table 18 rejected: Does not meet criteria
2024-10-30 23:01:27,625 - INFO - Processing Table 19
2024-10-30 23:01:27,920 - WARNING - Applied processor reduces input query to empty string, all comparisons will have score 0. [Query: '']
2024-10-30 23:01:27,920 - WARNING - Applied processor reduces input query to empty string, all comparisons will have score 0. [Query: '']
2024-10-30 23:01:27,920 - WARNING - Table 19 rejected: Does not meet criteria
2024-10-30 23:01:27,920 - INFO - Processing Table 20
2024-10-30 23:01:28,122 - WARNING - Applied processor reduces input query to empty string, all comparisons will have score 0. [Query: '']
2024-10-30 23:01:28,122 - WARNING - Applied processor reduces input query to empty string, all comparisons will have score 0. [Query: '']
2024-10-30 23:01:28,123 - WARNING - Table 20 rejected: Does not meet criteria
2024-10-30 23:01:28,123 - INFO - Processing Table 21
2024-10-30 23:01:28,206 - WARNING - Applied processor reduces input query to empty string, all comparisons will have score 0. [Query: '']
2024-10-30 23:01:28,206 - WARNING - Applied processor reduces input query to empty string, all comparisons will have score 0. [Query: '']
2024-10-30 23:01:28,206 - WARNING - Table 21 rejected: Does not meet criteria
2024-10-30 23:01:28,206 - INFO - Processing Table 22
2024-10-30 23:01:28,269 - WARNING - Applied processor reduces input query to empty string, all comparisons will have score 0. [Query: '']
2024-10-30 23:01:28,269 - WARNING - Applied processor reduces input query to empty string, all comparisons will have score 0. [Query: '']
2024-10-30 23:01:28,269 - WARNING - Table 22 rejected: Does not meet criteria
2024-10-30 23:01:28,269 - INFO - Processing Table 23
2024-10-30 23:01:28,459 - INFO - Table 23 saved as table_1.csv
2024-10-30 23:01:28,459 - INFO - Processing Table 24
2024-10-30 23:01:28,765 - WARNING - Applied processor reduces input query to empty string, all comparisons will have score 0. [Query: '']
2024-10-30 23:01:28,765 - WARNING - Applied processor reduces input query to empty string, all comparisons will have score 0. [Query: '']
2024-10-30 23:01:28,765 - WARNING - Applied processor reduces input query to empty string, all comparisons will have score 0. [Query: '']
2024-10-30 23:01:28,765 - WARNING - Table 24 rejected: Does not meet criteria
2024-10-30 23:01:28,765 - INFO - Processing Table 25
2024-10-30 23:01:28,880 - WARNING - Table 25 rejected: Does not meet criteria
2024-10-30 23:01:28,880 - INFO - Processing Table 26
2024-10-30 23:01:29,029 - WARNING - Applied processor reduces input query to empty string, all comparisons will have score 0. [Query: '']
2024-10-30 23:01:29,030 - WARNING - Table 26 rejected: Does not meet criteria
2024-10-30 23:01:29,030 - INFO - Processing Table 27
2024-10-30 23:01:29,168 - WARNING - Applied processor reduces input query to empty string, all comparisons will have score 0. [Query: '']
2024-10-30 23:01:29,168 - WARNING - Table 27 rejected: Does not meet criteria
2024-10-30 23:01:29,168 - INFO - Processing Table 28
2024-10-30 23:01:29,440 - WARNING - Applied processor reduces input query to empty string, all comparisons will have score 0. [Query: '']
2024-10-30 23:01:29,440 - WARNING - Applied processor reduces input query to empty string, all comparisons will have score 0. [Query: '']
2024-10-30 23:01:29,440 - WARNING - Applied processor reduces input query to empty string, all comparisons will have score 0. [Query: '']
2024-10-30 23:01:29,440 - WARNING - Applied processor reduces input query to empty string, all comparisons will have score 0. [Query: '']
2024-10-30 23:01:29,440 - WARNING - Applied processor reduces input query to empty string, all comparisons will have score 0. [Query: '']
2024-10-30 23:01:29,440 - WARNING - Applied processor reduces input query to empty string, all comparisons will have score 0. [Query: '']
2024-10-30 23:01:29,440 - WARNING - Table 28 rejected: Does not meet criteria
2024-10-30 23:01:29,440 - INFO - Processing Table 29
2024-10-30 23:01:29,763 - WARNING - Table 29 rejected: Does not meet criteria
2024-10-30 23:01:29,763 - INFO - Processing Table 30
2024-10-30 23:01:29,945 - WARNING - Applied processor reduces input query to empty string, all comparisons will have score 0. [Query: '']
2024-10-30 23:01:29,945 - WARNING - Table 30 rejected: Does not meet criteria
2024-10-30 23:01:29,945 - INFO - Processing Table 31
2024-10-30 23:01:29,991 - WARNING - Applied processor reduces input query to empty string, all comparisons will have score 0. [Query: '']
2024-10-30 23:01:29,991 - WARNING - Applied processor reduces input query to empty string, all comparisons will have score 0. [Query: '']
2024-10-30 23:01:29,991 - WARNING - Applied processor reduces input query to empty string, all comparisons will have score 0. [Query: '']
2024-10-30 23:01:29,992 - WARNING - Table 31 rejected: Does not meet criteria
2024-10-30 23:01:29,992 - INFO - Processing Table 32
2024-10-30 23:01:30,166 - WARNING - Applied processor reduces input query to empty string, all comparisons will have score 0. [Query: '']
2024-10-30 23:01:30,167 - WARNING - Applied processor reduces input query to empty string, all comparisons will have score 0. [Query: '']
2024-10-30 23:01:30,167 - WARNING - Table 32 rejected: Does not meet criteria
2024-10-30 23:01:30,167 - INFO - Processing Table 33
2024-10-30 23:01:30,360 - WARNING - Applied processor reduces input query to empty string, all comparisons will have score 0. [Query: '']
2024-10-30 23:01:30,360 - WARNING - Applied processor reduces input query to empty string, all comparisons will have score 0. [Query: '']
2024-10-30 23:01:30,360 - WARNING - Applied processor reduces input query to empty string, all comparisons will have score 0. [Query: '']
2024-10-30 23:01:30,360 - WARNING - Table 33 rejected: Does not meet criteria
2024-10-30 23:01:30,360 - INFO - Processing Table 34
2024-10-30 23:01:30,477 - WARNING - Applied processor reduces input query to empty string, all comparisons will have score 0. [Query: '']
2024-10-30 23:01:30,477 - WARNING - Applied processor reduces input query to empty string, all comparisons will have score 0. [Query: '']
2024-10-30 23:01:30,478 - WARNING - Table 34 rejected: Does not meet criteria
2024-10-30 23:01:30,478 - INFO - Processing Table 35
2024-10-30 23:01:30,569 - WARNING - Applied processor reduces input query to empty string, all comparisons will have score 0. [Query: '']
2024-10-30 23:01:30,569 - WARNING - Applied processor reduces input query to empty string, all comparisons will have score 0. [Query: '']
2024-10-30 23:01:30,570 - WARNING - Applied processor reduces input query to empty string, all comparisons will have score 0. [Query: '']
2024-10-30 23:01:30,570 - WARNING - Table 35 rejected: Does not meet criteria
2024-10-30 23:01:30,570 - INFO - Processing Table 36
2024-10-30 23:01:30,703 - WARNING - Table 36 rejected: Does not meet criteria
2024-10-30 23:01:30,703 - INFO - Processing Table 37
2024-10-30 23:01:30,862 - WARNING - Table 37 rejected: Does not meet criteria
2024-10-30 23:01:30,862 - INFO - Processing Table 38
2024-10-30 23:01:31,043 - WARNING - Applied processor reduces input query to empty string, all comparisons will have score 0. [Query: '']
2024-10-30 23:01:31,043 - WARNING - Applied processor reduces input query to empty string, all comparisons will have score 0. [Query: '']
2024-10-30 23:01:31,043 - WARNING - Table 38 rejected: Does not meet criteria
2024-10-30 23:01:31,043 - INFO - Processing Table 39
2024-10-30 23:01:31,320 - WARNING - Table 39 rejected: Does not meet criteria
2024-10-30 23:01:31,320 - INFO - Processing Table 40
2024-10-30 23:01:31,614 - WARNING - Table 40 rejected: Does not meet criteria
2024-10-30 23:01:31,614 - INFO - Processing Table 41
2024-10-30 23:01:31,719 - WARNING - Table 41 rejected: Does not meet criteria
2024-10-30 23:01:31,719 - INFO - Processing Table 42
2024-10-30 23:01:31,859 - WARNING - Applied processor reduces input query to empty string, all comparisons will have score 0. [Query: '']
2024-10-30 23:01:31,859 - WARNING - Applied processor reduces input query to empty string, all comparisons will have score 0. [Query: '']
2024-10-30 23:01:31,860 - WARNING - Table 42 rejected: Does not meet criteria
2024-10-30 23:01:31,860 - INFO - Processing Table 43
2024-10-30 23:01:32,289 - WARNING - Applied processor reduces input query to empty string, all comparisons will have score 0. [Query: '']
2024-10-30 23:01:32,290 - WARNING - Table 43 rejected: Does not meet criteria
2024-10-30 23:01:32,291 - INFO - Processing Table 44
2024-10-30 23:01:32,679 - WARNING - Applied processor reduces input query to empty string, all comparisons will have score 0. [Query: '']
2024-10-30 23:01:32,680 - WARNING - Applied processor reduces input query to empty string, all comparisons will have score 0. [Query: '']
2024-10-30 23:01:32,680 - WARNING - Applied processor reduces input query to empty string, all comparisons will have score 0. [Query: '']
2024-10-30 23:01:32,680 - WARNING - Applied processor reduces input query to empty string, all comparisons will have score 0. [Query: '']
2024-10-30 23:01:32,680 - WARNING - Table 44 rejected: Does not meet criteria
2024-10-30 23:01:32,680 - INFO - Processing Table 45
2024-10-30 23:01:32,899 - WARNING - Applied processor reduces input query to empty string, all comparisons will have score 0. [Query: '']
2024-10-30 23:01:32,899 - WARNING - Applied processor reduces input query to empty string, all comparisons will have score 0. [Query: '']
2024-10-30 23:01:32,900 - WARNING - Table 45 rejected: Does not meet criteria
2024-10-30 23:01:32,900 - INFO - Processing Table 46
2024-10-30 23:01:33,149 - WARNING - Table 46 rejected: Does not meet criteria
2024-10-30 23:01:33,149 - INFO - Processing Table 47
2024-10-30 23:01:33,244 - WARNING - Applied processor reduces input query to empty string, all comparisons will have score 0. [Query: '']
2024-10-30 23:01:33,245 - WARNING - Applied processor reduces input query to empty string, all comparisons will have score 0. [Query: '']
2024-10-30 23:01:33,245 - WARNING - Applied processor reduces input query to empty string, all comparisons will have score 0. [Query: '']
2024-10-30 23:01:33,245 - WARNING - Table 47 rejected: Does not meet criteria
2024-10-30 23:01:33,245 - INFO - Processing Table 48
2024-10-30 23:01:33,319 - WARNING - Table 48 rejected: Does not meet criteria
2024-10-30 23:01:33,319 - INFO - Processing Table 49
2024-10-30 23:01:33,607 - WARNING - Table 49 rejected: Does not meet criteria
2024-10-30 23:01:33,608 - INFO - Processing Table 50
2024-10-30 23:01:33,851 - WARNING - Applied processor reduces input query to empty string, all comparisons will have score 0. [Query: '']
2024-10-30 23:01:33,851 - WARNING - Applied processor reduces input query to empty string, all comparisons will have score 0. [Query: '']
2024-10-30 23:01:33,852 - WARNING - Table 50 rejected: Does not meet criteria
2024-10-30 23:01:33,852 - INFO - Processing Table 51
2024-10-30 23:01:34,041 - WARNING - Applied processor reduces input query to empty string, all comparisons will have score 0. [Query: '']
2024-10-30 23:01:34,041 - WARNING - Applied processor reduces input query to empty string, all comparisons will have score 0. [Query: '']
2024-10-30 23:01:34,041 - WARNING - Applied processor reduces input query to empty string, all comparisons will have score 0. [Query: '']
2024-10-30 23:01:34,041 - WARNING - Applied processor reduces input query to empty string, all comparisons will have score 0. [Query: '']
2024-10-30 23:01:34,041 - WARNING - Applied processor reduces input query to empty string, all comparisons will have score 0. [Query: '']
2024-10-30 23:01:34,041 - WARNING - Applied processor reduces input query to empty string, all comparisons will have score 0. [Query: '']
2024-10-30 23:01:34,042 - ERROR - Error processing table 51: The truth value of a Series is ambiguous. Use a.empty, a.bool(), a.item(), a.any() or a.all().
2024-10-30 23:01:34,042 - INFO - Processing Table 52
2024-10-30 23:01:34,121 - WARNING - Applied processor reduces input query to empty string, all comparisons will have score 0. [Query: '']
2024-10-30 23:01:34,121 - WARNING - Applied processor reduces input query to empty string, all comparisons will have score 0. [Query: '']
2024-10-30 23:01:34,121 - WARNING - Applied processor reduces input query to empty string, all comparisons will have score 0. [Query: '']
2024-10-30 23:01:34,121 - WARNING - Applied processor reduces input query to empty string, all comparisons will have score 0. [Query: '']
2024-10-30 23:01:34,121 - WARNING - Applied processor reduces input query to empty string, all comparisons will have score 0. [Query: '']
2024-10-30 23:01:34,121 - WARNING - Applied processor reduces input query to empty string, all comparisons will have score 0. [Query: '']
2024-10-30 23:01:34,122 - WARNING - Table 52 rejected: Does not meet criteria
2024-10-30 23:01:34,122 - INFO - Processing Table 53
2024-10-30 23:01:34,230 - WARNING - Applied processor reduces input query to empty string, all comparisons will have score 0. [Query: '']
2024-10-30 23:01:34,230 - WARNING - Applied processor reduces input query to empty string, all comparisons will have score 0. [Query: '']
2024-10-30 23:01:34,230 - WARNING - Table 53 rejected: Does not meet criteria
2024-10-30 23:01:34,230 - INFO - Processing Table 54
2024-10-30 23:01:34,381 - WARNING - Applied processor reduces input query to empty string, all comparisons will have score 0. [Query: '']
2024-10-30 23:01:34,381 - WARNING - Applied processor reduces input query to empty string, all comparisons will have score 0. [Query: '']
2024-10-30 23:01:34,381 - WARNING - Table 54 rejected: Does not meet criteria
2024-10-30 23:01:34,381 - INFO - Processing Table 55
2024-10-30 23:01:34,660 - WARNING - Table 55 rejected: Does not meet criteria
2024-10-30 23:01:34,660 - INFO - Processing Table 56
2024-10-30 23:01:34,931 - WARNING - Applied processor reduces input query to empty string, all comparisons will have score 0. [Query: '']
2024-10-30 23:01:34,932 - WARNING - Table 56 rejected: Does not meet criteria
2024-10-30 23:01:34,932 - INFO - Processing Table 57
2024-10-30 23:01:35,168 - WARNING - Applied processor reduces input query to empty string, all comparisons will have score 0. [Query: '']
2024-10-30 23:01:35,168 - WARNING - Table 57 rejected: Does not meet criteria
2024-10-30 23:01:35,168 - INFO - Processing Table 58
2024-10-30 23:01:35,281 - WARNING - Applied processor reduces input query to empty string, all comparisons will have score 0. [Query: '']
2024-10-30 23:01:35,281 - WARNING - Applied processor reduces input query to empty string, all comparisons will have score 0. [Query: '']
2024-10-30 23:01:35,281 - WARNING - Applied processor reduces input query to empty string, all comparisons will have score 0. [Query: '']
2024-10-30 23:01:35,281 - WARNING - Applied processor reduces input query to empty string, all comparisons will have score 0. [Query: '']
2024-10-30 23:01:35,281 - WARNING - Table 58 rejected: Does not meet criteria
2024-10-30 23:01:35,281 - INFO - Processing Table 59
2024-10-30 23:01:35,426 - WARNING - Applied processor reduces input query to empty string, all comparisons will have score 0. [Query: '']
2024-10-30 23:01:35,426 - WARNING - Applied processor reduces input query to empty string, all comparisons will have score 0. [Query: '']
2024-10-30 23:01:35,426 - WARNING - Applied processor reduces input query to empty string, all comparisons will have score 0. [Query: '']
2024-10-30 23:01:35,426 - WARNING - Applied processor reduces input query to empty string, all comparisons will have score 0. [Query: '']
2024-10-30 23:01:35,427 - WARNING - Table 59 rejected: Does not meet criteria
2024-10-30 23:01:35,427 - INFO - Processing Table 60
2024-10-30 23:01:35,848 - WARNING - Applied processor reduces input query to empty string, all comparisons will have score 0. [Query: '']
2024-10-30 23:01:35,848 - WARNING - Applied processor reduces input query to empty string, all comparisons will have score 0. [Query: '']
2024-10-30 23:01:35,849 - WARNING - Table 60 rejected: Does not meet criteria
2024-10-30 23:01:35,849 - INFO - Processing Table 61
2024-10-30 23:01:35,956 - WARNING - Applied processor reduces input query to empty string, all comparisons will have score 0. [Query: '']
2024-10-30 23:01:35,958 - WARNING - Table 61 rejected: Does not meet criteria
2024-10-30 23:01:35,958 - INFO - Processing Table 62
2024-10-30 23:01:36,226 - WARNING - Applied processor reduces input query to empty string, all comparisons will have score 0. [Query: '']
2024-10-30 23:01:36,226 - WARNING - Applied processor reduces input query to empty string, all comparisons will have score 0. [Query: '']
2024-10-30 23:01:36,226 - WARNING - Table 62 rejected: Does not meet criteria
2024-10-30 23:01:36,226 - INFO - Processing Table 63
2024-10-30 23:01:36,344 - WARNING - Applied processor reduces input query to empty string, all comparisons will have score 0. [Query: '']
2024-10-30 23:01:36,344 - WARNING - Applied processor reduces input query to empty string, all comparisons will have score 0. [Query: '']
2024-10-30 23:01:36,344 - WARNING - Table 63 rejected: Does not meet criteria
2024-10-30 23:01:36,344 - INFO - Processing Table 64
2024-10-30 23:01:36,761 - WARNING - Applied processor reduces input query to empty string, all comparisons will have score 0. [Query: '']
2024-10-30 23:01:36,761 - WARNING - Applied processor reduces input query to empty string, all comparisons will have score 0. [Query: '']
2024-10-30 23:01:36,761 - WARNING - Table 64 rejected: Does not meet criteria
2024-10-30 23:01:36,761 - INFO - Processing Table 65
2024-10-30 23:01:36,839 - WARNING - Table 65 rejected: Does not meet criteria
2024-10-30 23:01:36,839 - INFO - Processing Table 66
2024-10-30 23:01:37,005 - WARNING - Applied processor reduces input query to empty string, all comparisons will have score 0. [Query: '']
2024-10-30 23:01:37,005 - WARNING - Applied processor reduces input query to empty string, all comparisons will have score 0. [Query: '']
2024-10-30 23:01:37,005 - WARNING - Table 66 rejected: Does not meet criteria
2024-10-30 23:01:37,005 - INFO - Processing Table 67
2024-10-30 23:01:37,118 - WARNING - Applied processor reduces input query to empty string, all comparisons will have score 0. [Query: '']
2024-10-30 23:01:37,118 - WARNING - Applied processor reduces input query to empty string, all comparisons will have score 0. [Query: '']
2024-10-30 23:01:37,118 - WARNING - Applied processor reduces input query to empty string, all comparisons will have score 0. [Query: '']
2024-10-30 23:01:37,118 - WARNING - Applied processor reduces input query to empty string, all comparisons will have score 0. [Query: '']
2024-10-30 23:01:37,119 - WARNING - Table 67 rejected: Does not meet criteria
2024-10-30 23:01:37,119 - INFO - Processing Table 68
2024-10-30 23:01:37,202 - WARNING - Applied processor reduces input query to empty string, all comparisons will have score 0. [Query: '']
2024-10-30 23:01:37,202 - WARNING - Applied processor reduces input query to empty string, all comparisons will have score 0. [Query: '']
2024-10-30 23:01:37,202 - WARNING - Applied processor reduces input query to empty string, all comparisons will have score 0. [Query: '']
2024-10-30 23:01:37,202 - WARNING - Table 68 rejected: Does not meet criteria
2024-10-30 23:01:37,202 - INFO - Processing Table 69
2024-10-30 23:01:37,262 - WARNING - Applied processor reduces input query to empty string, all comparisons will have score 0. [Query: '']
2024-10-30 23:01:37,262 - WARNING - Applied processor reduces input query to empty string, all comparisons will have score 0. [Query: '']
2024-10-30 23:01:37,263 - WARNING - Table 69 rejected: Does not meet criteria
2024-10-30 23:01:37,263 - INFO - Processing Table 70
2024-10-30 23:01:37,307 - WARNING - Applied processor reduces input query to empty string, all comparisons will have score 0. [Query: '']
2024-10-30 23:01:37,307 - WARNING - Applied processor reduces input query to empty string, all comparisons will have score 0. [Query: '']
2024-10-30 23:01:37,307 - WARNING - Applied processor reduces input query to empty string, all comparisons will have score 0. [Query: '']
2024-10-30 23:01:37,308 - WARNING - Table 70 rejected: Does not meet criteria
2024-10-30 23:01:37,308 - INFO - Processing Table 71
2024-10-30 23:01:37,430 - WARNING - Applied processor reduces input query to empty string, all comparisons will have score 0. [Query: '']
2024-10-30 23:01:37,430 - WARNING - Applied processor reduces input query to empty string, all comparisons will have score 0. [Query: '']
2024-10-30 23:01:37,430 - WARNING - Applied processor reduces input query to empty string, all comparisons will have score 0. [Query: '']
2024-10-30 23:01:37,430 - WARNING - Applied processor reduces input query to empty string, all comparisons will have score 0. [Query: '']
2024-10-30 23:01:37,430 - WARNING - Applied processor reduces input query to empty string, all comparisons will have score 0. [Query: '']
2024-10-30 23:01:37,431 - WARNING - Table 71 rejected: Does not meet criteria
2024-10-30 23:01:37,431 - INFO - Processing Table 72
2024-10-30 23:01:37,735 - WARNING - Table 72 rejected: Does not meet criteria
2024-10-30 23:01:37,735 - INFO - Processing Table 73
2024-10-30 23:01:37,868 - WARNING - Applied processor reduces input query to empty string, all comparisons will have score 0. [Query: '']
2024-10-30 23:01:37,868 - WARNING - Applied processor reduces input query to empty string, all comparisons will have score 0. [Query: '']
2024-10-30 23:01:37,868 - WARNING - Table 73 rejected: Does not meet criteria
2024-10-30 23:01:37,868 - INFO - Processing Table 74
2024-10-30 23:01:38,090 - WARNING - Applied processor reduces input query to empty string, all comparisons will have score 0. [Query: '']
2024-10-30 23:01:38,090 - WARNING - Applied processor reduces input query to empty string, all comparisons will have score 0. [Query: '']
2024-10-30 23:01:38,090 - WARNING - Table 74 rejected: Does not meet criteria
2024-10-30 23:01:38,090 - INFO - Processing Table 75
2024-10-30 23:01:38,209 - WARNING - Applied processor reduces input query to empty string, all comparisons will have score 0. [Query: '']
2024-10-30 23:01:38,209 - WARNING - Applied processor reduces input query to empty string, all comparisons will have score 0. [Query: '']
2024-10-30 23:01:38,209 - WARNING - Table 75 rejected: Does not meet criteria
2024-10-30 23:01:38,209 - INFO - Processing Table 76
2024-10-30 23:01:38,302 - WARNING - Applied processor reduces input query to empty string, all comparisons will have score 0. [Query: '']
2024-10-30 23:01:38,302 - WARNING - Applied processor reduces input query to empty string, all comparisons will have score 0. [Query: '']
2024-10-30 23:01:38,303 - WARNING - Table 76 rejected: Does not meet criteria
2024-10-30 23:01:38,303 - INFO - Processing Table 77
2024-10-30 23:01:38,468 - WARNING - Applied processor reduces input query to empty string, all comparisons will have score 0. [Query: '']
2024-10-30 23:01:38,469 - WARNING - Applied processor reduces input query to empty string, all comparisons will have score 0. [Query: '']
2024-10-30 23:01:38,469 - WARNING - Applied processor reduces input query to empty string, all comparisons will have score 0. [Query: '']
2024-10-30 23:01:38,469 - WARNING - Table 77 rejected: Does not meet criteria
2024-10-30 23:01:38,469 - INFO - Processing Table 78
2024-10-30 23:01:38,575 - WARNING - Applied processor reduces input query to empty string, all comparisons will have score 0. [Query: '']
2024-10-30 23:01:38,577 - ERROR - Error processing table 78: The truth value of a Series is ambiguous. Use a.empty, a.bool(), a.item(), a.any() or a.all().
2024-10-30 23:01:38,577 - INFO - Processing Table 79
2024-10-30 23:01:38,634 - WARNING - Applied processor reduces input query to empty string, all comparisons will have score 0. [Query: '']
2024-10-30 23:01:38,635 - ERROR - Error processing table 79: The truth value of a Series is ambiguous. Use a.empty, a.bool(), a.item(), a.any() or a.all().
2024-10-30 23:01:38,635 - INFO - Processing Table 80
2024-10-30 23:01:38,712 - WARNING - Applied processor reduces input query to empty string, all comparisons will have score 0. [Query: '']
2024-10-30 23:01:38,712 - WARNING - Applied processor reduces input query to empty string, all comparisons will have score 0. [Query: '']
2024-10-30 23:01:38,713 - WARNING - Table 80 rejected: Does not meet criteria
2024-10-30 23:01:38,713 - INFO - Processing Table 81
2024-10-30 23:01:38,878 - WARNING - Table 81 rejected: Does not meet criteria
2024-10-30 23:01:38,878 - INFO - Processing Table 82
2024-10-30 23:01:38,979 - WARNING - Applied processor reduces input query to empty string, all comparisons will have score 0. [Query: '']
2024-10-30 23:01:38,979 - WARNING - Applied processor reduces input query to empty string, all comparisons will have score 0. [Query: '']
2024-10-30 23:01:38,979 - WARNING - Applied processor reduces input query to empty string, all comparisons will have score 0. [Query: '']
2024-10-30 23:01:38,980 - WARNING - Table 82 rejected: Does not meet criteria
2024-10-30 23:01:38,980 - INFO - Processing Table 83
2024-10-30 23:01:39,071 - WARNING - Applied processor reduces input query to empty string, all comparisons will have score 0. [Query: '']
2024-10-30 23:01:39,071 - WARNING - Applied processor reduces input query to empty string, all comparisons will have score 0. [Query: '']
2024-10-30 23:01:39,072 - WARNING - Table 83 rejected: Does not meet criteria
2024-10-30 23:01:39,072 - INFO - Processing Table 84
2024-10-30 23:01:39,357 - WARNING - Applied processor reduces input query to empty string, all comparisons will have score 0. [Query: '']
2024-10-30 23:01:39,357 - WARNING - Applied processor reduces input query to empty string, all comparisons will have score 0. [Query: '']
2024-10-30 23:01:39,357 - WARNING - Table 84 rejected: Does not meet criteria
2024-10-30 23:01:39,357 - INFO - Processing Table 85
2024-10-30 23:01:39,639 - WARNING - Applied processor reduces input query to empty string, all comparisons will have score 0. [Query: '']
2024-10-30 23:01:39,639 - WARNING - Applied processor reduces input query to empty string, all comparisons will have score 0. [Query: '']
2024-10-30 23:01:39,639 - WARNING - Applied processor reduces input query to empty string, all comparisons will have score 0. [Query: '']
2024-10-30 23:01:39,639 - WARNING - Table 85 rejected: Does not meet criteria
2024-10-30 23:01:39,639 - INFO - Processing Table 86
2024-10-30 23:01:39,900 - WARNING - Table 86 rejected: Does not meet criteria
2024-10-30 23:01:39,900 - INFO - Processing Table 87
2024-10-30 23:01:40,200 - WARNING - Applied processor reduces input query to empty string, all comparisons will have score 0. [Query: '']
2024-10-30 23:01:40,202 - WARNING - Table 87 rejected: Does not meet criteria
2024-10-30 23:01:40,202 - INFO - Processing Table 88
2024-10-30 23:01:40,329 - WARNING - Applied processor reduces input query to empty string, all comparisons will have score 0. [Query: '']
2024-10-30 23:01:40,329 - WARNING - Applied processor reduces input query to empty string, all comparisons will have score 0. [Query: '']
2024-10-30 23:01:40,329 - WARNING - Applied processor reduces input query to empty string, all comparisons will have score 0. [Query: '']
2024-10-30 23:01:40,329 - WARNING - Applied processor reduces input query to empty string, all comparisons will have score 0. [Query: '']
2024-10-30 23:01:40,329 - WARNING - Applied processor reduces input query to empty string, all comparisons will have score 0. [Query: '']
2024-10-30 23:01:40,330 - ERROR - Error processing table 88: The truth value of a Series is ambiguous. Use a.empty, a.bool(), a.item(), a.any() or a.all().
2024-10-30 23:01:40,330 - INFO - Processing Table 89
2024-10-30 23:01:40,431 - WARNING - Applied processor reduces input query to empty string, all comparisons will have score 0. [Query: '']
2024-10-30 23:01:40,431 - WARNING - Applied processor reduces input query to empty string, all comparisons will have score 0. [Query: '']
2024-10-30 23:01:40,431 - WARNING - Applied processor reduces input query to empty string, all comparisons will have score 0. [Query: '']
2024-10-30 23:01:40,432 - WARNING - Applied processor reduces input query to empty string, all comparisons will have score 0. [Query: '']
2024-10-30 23:01:40,432 - WARNING - Table 89 rejected: Does not meet criteria
2024-10-30 23:01:40,432 - INFO - Processing Table 90
2024-10-30 23:01:40,500 - WARNING - Applied processor reduces input query to empty string, all comparisons will have score 0. [Query: '']
2024-10-30 23:01:40,500 - WARNING - Applied processor reduces input query to empty string, all comparisons will have score 0. [Query: '']
2024-10-30 23:01:40,500 - WARNING - Applied processor reduces input query to empty string, all comparisons will have score 0. [Query: '']
2024-10-30 23:01:40,500 - WARNING - Applied processor reduces input query to empty string, all comparisons will have score 0. [Query: '']
2024-10-30 23:01:40,500 - WARNING - Applied processor reduces input query to empty string, all comparisons will have score 0. [Query: '']
2024-10-30 23:01:40,500 - WARNING - Applied processor reduces input query to empty string, all comparisons will have score 0. [Query: '']
2024-10-30 23:01:40,501 - ERROR - Error processing table 90: The truth value of a Series is ambiguous. Use a.empty, a.bool(), a.item(), a.any() or a.all().
2024-10-30 23:01:40,501 - INFO - Processing Table 91
2024-10-30 23:01:40,849 - WARNING - Applied processor reduces input query to empty string, all comparisons will have score 0. [Query: '']
2024-10-30 23:01:40,849 - WARNING - Applied processor reduces input query to empty string, all comparisons will have score 0. [Query: '']
2024-10-30 23:01:40,849 - WARNING - Applied processor reduces input query to empty string, all comparisons will have score 0. [Query: '']
2024-10-30 23:01:40,849 - WARNING - Applied processor reduces input query to empty string, all comparisons will have score 0. [Query: '']
2024-10-30 23:01:40,849 - WARNING - Applied processor reduces input query to empty string, all comparisons will have score 0. [Query: '']
2024-10-30 23:01:40,849 - WARNING - Applied processor reduces input query to empty string, all comparisons will have score 0. [Query: '']
2024-10-30 23:01:40,850 - WARNING - Table 91 rejected: Does not meet criteria
2024-10-30 23:01:40,850 - INFO - Processing Table 92
2024-10-30 23:01:41,199 - WARNING - Applied processor reduces input query to empty string, all comparisons will have score 0. [Query: '']
2024-10-30 23:01:41,199 - WARNING - Applied processor reduces input query to empty string, all comparisons will have score 0. [Query: '']
2024-10-30 23:01:41,199 - WARNING - Table 92 rejected: Does not meet criteria
2024-10-30 23:01:41,199 - INFO - Processing Table 93
2024-10-30 23:01:41,281 - WARNING - Applied processor reduces input query to empty string, all comparisons will have score 0. [Query: '']
2024-10-30 23:01:41,281 - WARNING - Applied processor reduces input query to empty string, all comparisons will have score 0. [Query: '']
2024-10-30 23:01:41,281 - WARNING - Applied processor reduces input query to empty string, all comparisons will have score 0. [Query: '']
2024-10-30 23:01:41,282 - ERROR - Error processing table 93: The truth value of a Series is ambiguous. Use a.empty, a.bool(), a.item(), a.any() or a.all().
2024-10-30 23:01:41,282 - INFO - Processing Table 94
2024-10-30 23:01:41,531 - WARNING - Applied processor reduces input query to empty string, all comparisons will have score 0. [Query: '']
2024-10-30 23:01:41,531 - WARNING - Applied processor reduces input query to empty string, all comparisons will have score 0. [Query: '']
2024-10-30 23:01:41,531 - WARNING - Applied processor reduces input query to empty string, all comparisons will have score 0. [Query: '']
2024-10-30 23:01:41,531 - WARNING - Applied processor reduces input query to empty string, all comparisons will have score 0. [Query: '']
2024-10-30 23:01:41,532 - WARNING - Table 94 rejected: Does not meet criteria
2024-10-30 23:01:41,532 - INFO - Processing Table 95
2024-10-30 23:01:41,640 - WARNING - Applied processor reduces input query to empty string, all comparisons will have score 0. [Query: '']
2024-10-30 23:01:41,640 - WARNING - Applied processor reduces input query to empty string, all comparisons will have score 0. [Query: '']
2024-10-30 23:01:41,640 - WARNING - Applied processor reduces input query to empty string, all comparisons will have score 0. [Query: '']
2024-10-30 23:01:41,640 - WARNING - Applied processor reduces input query to empty string, all comparisons will have score 0. [Query: '']
2024-10-30 23:01:41,641 - WARNING - Table 95 rejected: Does not meet criteria
2024-10-30 23:01:41,641 - INFO - Processing Table 96
2024-10-30 23:01:41,881 - WARNING - Applied processor reduces input query to empty string, all comparisons will have score 0. [Query: '']
2024-10-30 23:01:41,881 - WARNING - Applied processor reduces input query to empty string, all comparisons will have score 0. [Query: '']
2024-10-30 23:01:41,881 - WARNING - Applied processor reduces input query to empty string, all comparisons will have score 0. [Query: '']
2024-10-30 23:01:41,882 - WARNING - Table 96 rejected: Does not meet criteria
2024-10-30 23:01:41,882 - INFO - Processing Table 97
2024-10-30 23:01:42,055 - WARNING - Applied processor reduces input query to empty string, all comparisons will have score 0. [Query: '']
2024-10-30 23:01:42,055 - WARNING - Applied processor reduces input query to empty string, all comparisons will have score 0. [Query: '']
2024-10-30 23:01:42,055 - WARNING - Applied processor reduces input query to empty string, all comparisons will have score 0. [Query: '']
2024-10-30 23:01:42,055 - WARNING - Table 97 rejected: Does not meet criteria
2024-10-30 23:01:42,055 - INFO - Processing Table 98
2024-10-30 23:01:42,265 - WARNING - Applied processor reduces input query to empty string, all comparisons will have score 0. [Query: '']
2024-10-30 23:01:42,265 - WARNING - Applied processor reduces input query to empty string, all comparisons will have score 0. [Query: '']
2024-10-30 23:01:42,265 - WARNING - Applied processor reduces input query to empty string, all comparisons will have score 0. [Query: '']
2024-10-30 23:01:42,265 - WARNING - Applied processor reduces input query to empty string, all comparisons will have score 0. [Query: '']
2024-10-30 23:01:42,265 - WARNING - Applied processor reduces input query to empty string, all comparisons will have score 0. [Query: '']
2024-10-30 23:01:42,265 - WARNING - Applied processor reduces input query to empty string, all comparisons will have score 0. [Query: '']
2024-10-30 23:01:42,265 - WARNING - Applied processor reduces input query to empty string, all comparisons will have score 0. [Query: '']
2024-10-30 23:01:42,266 - WARNING - Table 98 rejected: Does not meet criteria
2024-10-30 23:01:42,266 - INFO - Processing Table 99
2024-10-30 23:01:42,433 - WARNING - Applied processor reduces input query to empty string, all comparisons will have score 0. [Query: '']
2024-10-30 23:01:42,434 - WARNING - Table 99 rejected: Does not meet criteria
2024-10-30 23:01:42,434 - INFO - Processing Table 100
2024-10-30 23:01:42,530 - WARNING - Table 100 rejected: Does not meet criteria
2024-10-30 23:01:42,530 - INFO - Processing Table 101
2024-10-30 23:01:42,638 - INFO - Table 101 saved as table_2.csv
2024-10-30 23:01:42,638 - INFO - Processing Table 102
2024-10-30 23:01:42,773 - WARNING - Applied processor reduces input query to empty string, all comparisons will have score 0. [Query: '']
2024-10-30 23:01:42,773 - WARNING - Applied processor reduces input query to empty string, all comparisons will have score 0. [Query: '']
2024-10-30 23:01:42,773 - WARNING - Applied processor reduces input query to empty string, all comparisons will have score 0. [Query: '']
2024-10-30 23:01:42,773 - WARNING - Applied processor reduces input query to empty string, all comparisons will have score 0. [Query: '']
2024-10-30 23:01:42,773 - WARNING - Applied processor reduces input query to empty string, all comparisons will have score 0. [Query: '']
2024-10-30 23:01:42,774 - ERROR - Error processing table 102: The truth value of a Series is ambiguous. Use a.empty, a.bool(), a.item(), a.any() or a.all().
2024-10-30 23:01:42,774 - INFO - Processing Table 103
2024-10-30 23:01:43,147 - WARNING - Applied processor reduces input query to empty string, all comparisons will have score 0. [Query: '']
2024-10-30 23:01:43,149 - WARNING - Table 103 rejected: Does not meet criteria
2024-10-30 23:01:43,149 - INFO - Processing Table 104
2024-10-30 23:01:43,246 - WARNING - Applied processor reduces input query to empty string, all comparisons will have score 0. [Query: '']
2024-10-30 23:01:43,246 - WARNING - Applied processor reduces input query to empty string, all comparisons will have score 0. [Query: '']
2024-10-30 23:01:43,246 - WARNING - Applied processor reduces input query to empty string, all comparisons will have score 0. [Query: '']
2024-10-30 23:01:43,246 - WARNING - Applied processor reduces input query to empty string, all comparisons will have score 0. [Query: '']
2024-10-30 23:01:43,246 - WARNING - Applied processor reduces input query to empty string, all comparisons will have score 0. [Query: '']
2024-10-30 23:01:43,247 - ERROR - Error processing table 104: The truth value of a Series is ambiguous. Use a.empty, a.bool(), a.item(), a.any() or a.all().
2024-10-30 23:01:43,247 - INFO - Processing Table 105
2024-10-30 23:01:43,346 - WARNING - Applied processor reduces input query to empty string, all comparisons will have score 0. [Query: '']
2024-10-30 23:01:43,347 - WARNING - Table 105 rejected: Does not meet criteria
2024-10-30 23:01:43,347 - INFO - Processing Table 106
2024-10-30 23:01:43,741 - WARNING - Applied processor reduces input query to empty string, all comparisons will have score 0. [Query: '']
2024-10-30 23:01:43,742 - WARNING - Table 106 rejected: Does not meet criteria
2024-10-30 23:01:43,742 - INFO - Processing Table 107
2024-10-30 23:01:43,910 - WARNING - Applied processor reduces input query to empty string, all comparisons will have score 0. [Query: '']
2024-10-30 23:01:43,910 - WARNING - Applied processor reduces input query to empty string, all comparisons will have score 0. [Query: '']
2024-10-30 23:01:43,910 - WARNING - Applied processor reduces input query to empty string, all comparisons will have score 0. [Query: '']
2024-10-30 23:01:43,910 - WARNING - Applied processor reduces input query to empty string, all comparisons will have score 0. [Query: '']
2024-10-30 23:01:43,910 - WARNING - Applied processor reduces input query to empty string, all comparisons will have score 0. [Query: '']
2024-10-30 23:01:43,911 - ERROR - Error processing table 107: The truth value of a Series is ambiguous. Use a.empty, a.bool(), a.item(), a.any() or a.all().
2024-10-30 23:01:43,911 - INFO - Processing Table 108
2024-10-30 23:01:44,199 - WARNING - Applied processor reduces input query to empty string, all comparisons will have score 0. [Query: '']
2024-10-30 23:01:44,200 - WARNING - Table 108 rejected: Does not meet criteria
2024-10-30 23:01:44,200 - INFO - Processing Table 109
2024-10-30 23:01:44,503 - WARNING - Applied processor reduces input query to empty string, all comparisons will have score 0. [Query: '']
2024-10-30 23:01:44,504 - WARNING - Applied processor reduces input query to empty string, all comparisons will have score 0. [Query: '']
2024-10-30 23:01:44,505 - WARNING - Table 109 rejected: Does not meet criteria
2024-10-30 23:01:44,505 - INFO - Processing Table 110
2024-10-30 23:01:44,595 - WARNING - Applied processor reduces input query to empty string, all comparisons will have score 0. [Query: '']
2024-10-30 23:01:44,597 - WARNING - Table 110 rejected: Does not meet criteria
2024-10-30 23:01:44,597 - INFO - Processing Table 111
2024-10-30 23:01:44,858 - WARNING - Applied processor reduces input query to empty string, all comparisons will have score 0. [Query: '']
2024-10-30 23:01:44,860 - WARNING - Table 111 rejected: Does not meet criteria
2024-10-30 23:01:44,860 - INFO - Processing Table 112
2024-10-30 23:01:45,031 - WARNING - Applied processor reduces input query to empty string, all comparisons will have score 0. [Query: '']
2024-10-30 23:01:45,031 - WARNING - Applied processor reduces input query to empty string, all comparisons will have score 0. [Query: '']
2024-10-30 23:01:45,031 - WARNING - Applied processor reduces input query to empty string, all comparisons will have score 0. [Query: '']
2024-10-30 23:01:45,031 - WARNING - Applied processor reduces input query to empty string, all comparisons will have score 0. [Query: '']
2024-10-30 23:01:45,032 - WARNING - Table 112 rejected: Does not meet criteria
2024-10-30 23:01:45,032 - INFO - Processing Table 113
2024-10-30 23:01:45,258 - WARNING - Table 113 rejected: Does not meet criteria
2024-10-30 23:01:45,258 - INFO - Processing Table 114
2024-10-30 23:01:45,487 - WARNING - Applied processor reduces input query to empty string, all comparisons will have score 0. [Query: '']
2024-10-30 23:01:45,488 - WARNING - Table 114 rejected: Does not meet criteria
2024-10-30 23:01:45,488 - INFO - Processing Table 115
2024-10-30 23:01:45,675 - WARNING - Applied processor reduces input query to empty string, all comparisons will have score 0. [Query: '']
2024-10-30 23:01:45,676 - WARNING - Table 115 rejected: Does not meet criteria
2024-10-30 23:01:45,676 - INFO - Processing Table 116
2024-10-30 23:01:45,772 - WARNING - Applied processor reduces input query to empty string, all comparisons will have score 0. [Query: '']
2024-10-30 23:01:45,773 - WARNING - Table 116 rejected: Does not meet criteria
2024-10-30 23:01:45,773 - INFO - Processing Table 117
2024-10-30 23:01:46,060 - WARNING - Applied processor reduces input query to empty string, all comparisons will have score 0. [Query: '']
2024-10-30 23:01:46,061 - WARNING - Table 117 rejected: Does not meet criteria
2024-10-30 23:01:46,061 - INFO - Processing Table 118
2024-10-30 23:01:46,308 - WARNING - Applied processor reduces input query to empty string, all comparisons will have score 0. [Query: '']
2024-10-30 23:01:46,310 - WARNING - Table 118 rejected: Does not meet criteria
2024-10-30 23:01:46,310 - INFO - Processing Table 119
2024-10-30 23:01:46,481 - WARNING - Applied processor reduces input query to empty string, all comparisons will have score 0. [Query: '']
2024-10-30 23:01:46,481 - WARNING - Applied processor reduces input query to empty string, all comparisons will have score 0. [Query: '']
2024-10-30 23:01:46,481 - WARNING - Applied processor reduces input query to empty string, all comparisons will have score 0. [Query: '']
2024-10-30 23:01:46,481 - WARNING - Applied processor reduces input query to empty string, all comparisons will have score 0. [Query: '']
2024-10-30 23:01:46,481 - WARNING - Applied processor reduces input query to empty string, all comparisons will have score 0. [Query: '']
2024-10-30 23:01:46,482 - ERROR - Error processing table 119: The truth value of a Series is ambiguous. Use a.empty, a.bool(), a.item(), a.any() or a.all().
2024-10-30 23:01:46,482 - INFO - Processing Table 120
2024-10-30 23:01:46,601 - WARNING - Applied processor reduces input query to empty string, all comparisons will have score 0. [Query: '']
2024-10-30 23:01:46,602 - WARNING - Table 120 rejected: Does not meet criteria
2024-10-30 23:01:46,602 - INFO - Processing Table 121
2024-10-30 23:01:46,822 - WARNING - Applied processor reduces input query to empty string, all comparisons will have score 0. [Query: '']
2024-10-30 23:01:46,823 - WARNING - Table 121 rejected: Does not meet criteria
2024-10-30 23:01:46,823 - INFO - Processing Table 122
2024-10-30 23:01:47,168 - WARNING - Applied processor reduces input query to empty string, all comparisons will have score 0. [Query: '']
2024-10-30 23:01:47,169 - WARNING - Table 122 rejected: Does not meet criteria
2024-10-30 23:01:47,169 - INFO - Processing Table 123
2024-10-30 23:01:47,463 - WARNING - Applied processor reduces input query to empty string, all comparisons will have score 0. [Query: '']
2024-10-30 23:01:47,464 - WARNING - Table 123 rejected: Does not meet criteria
2024-10-30 23:01:47,464 - INFO - Processing Table 124
2024-10-30 23:01:47,821 - WARNING - Applied processor reduces input query to empty string, all comparisons will have score 0. [Query: '']
2024-10-30 23:01:47,824 - INFO - Table 124 saved as table_3.csv
2024-10-30 23:01:47,824 - INFO - Processing Table 125
2024-10-30 23:01:48,122 - WARNING - Applied processor reduces input query to empty string, all comparisons will have score 0. [Query: '']
2024-10-30 23:01:48,123 - WARNING - Applied processor reduces input query to empty string, all comparisons will have score 0. [Query: '']
2024-10-30 23:01:48,125 - WARNING - Table 125 rejected: Does not meet criteria
2024-10-30 23:01:48,125 - INFO - Processing Table 126
2024-10-30 23:01:48,444 - WARNING - Applied processor reduces input query to empty string, all comparisons will have score 0. [Query: '']
2024-10-30 23:01:48,444 - WARNING - Applied processor reduces input query to empty string, all comparisons will have score 0. [Query: '']
2024-10-30 23:01:48,444 - WARNING - Applied processor reduces input query to empty string, all comparisons will have score 0. [Query: '']
2024-10-30 23:01:48,444 - WARNING - Applied processor reduces input query to empty string, all comparisons will have score 0. [Query: '']
2024-10-30 23:01:48,444 - WARNING - Applied processor reduces input query to empty string, all comparisons will have score 0. [Query: '']
2024-10-30 23:01:48,444 - WARNING - Table 126 rejected: Does not meet criteria
2024-10-30 23:01:48,444 - INFO - Processing Table 127
2024-10-30 23:01:48,517 - WARNING - Applied processor reduces input query to empty string, all comparisons will have score 0. [Query: '']
2024-10-30 23:01:48,518 - WARNING - Table 127 rejected: Does not meet criteria
2024-10-30 23:01:48,519 - INFO - Processing Table 128
2024-10-30 23:01:48,745 - WARNING - Applied processor reduces input query to empty string, all comparisons will have score 0. [Query: '']
2024-10-30 23:01:48,747 - WARNING - Table 128 rejected: Does not meet criteria
2024-10-30 23:01:48,747 - INFO - Processing Table 129
2024-10-30 23:01:48,971 - WARNING - Applied processor reduces input query to empty string, all comparisons will have score 0. [Query: '']
2024-10-30 23:01:48,971 - WARNING - Applied processor reduces input query to empty string, all comparisons will have score 0. [Query: '']
2024-10-30 23:01:48,971 - WARNING - Applied processor reduces input query to empty string, all comparisons will have score 0. [Query: '']
2024-10-30 23:01:48,971 - WARNING - Applied processor reduces input query to empty string, all comparisons will have score 0. [Query: '']
2024-10-30 23:01:48,971 - WARNING - Applied processor reduces input query to empty string, all comparisons will have score 0. [Query: '']
2024-10-30 23:01:48,972 - ERROR - Error processing table 129: The truth value of a Series is ambiguous. Use a.empty, a.bool(), a.item(), a.any() or a.all().
2024-10-30 23:01:48,972 - INFO - Processing Table 130
2024-10-30 23:01:49,296 - WARNING - Table 130 rejected: Does not meet criteria
2024-10-30 23:01:49,296 - INFO - Processing Table 131
2024-10-30 23:01:49,333 - WARNING - Applied processor reduces input query to empty string, all comparisons will have score 0. [Query: '']
2024-10-30 23:01:49,333 - WARNING - Applied processor reduces input query to empty string, all comparisons will have score 0. [Query: '']
2024-10-30 23:01:49,333 - WARNING - Applied processor reduces input query to empty string, all comparisons will have score 0. [Query: '']
2024-10-30 23:01:49,333 - WARNING - Applied processor reduces input query to empty string, all comparisons will have score 0. [Query: '']
2024-10-30 23:01:49,333 - WARNING - Applied processor reduces input query to empty string, all comparisons will have score 0. [Query: '']
2024-10-30 23:01:49,334 - ERROR - Error processing table 131: The truth value of a Series is ambiguous. Use a.empty, a.bool(), a.item(), a.any() or a.all().
2024-10-30 23:01:49,334 - INFO - Processing Table 132
2024-10-30 23:01:49,552 - WARNING - Applied processor reduces input query to empty string, all comparisons will have score 0. [Query: '']
2024-10-30 23:01:49,553 - WARNING - Table 132 rejected: Does not meet criteria
2024-10-30 23:01:49,553 - INFO - Processing Table 133
2024-10-30 23:01:49,661 - WARNING - Applied processor reduces input query to empty string, all comparisons will have score 0. [Query: '']
2024-10-30 23:01:49,662 - WARNING - Table 133 rejected: Does not meet criteria
2024-10-30 23:01:49,662 - INFO - Processing Table 134
2024-10-30 23:01:49,812 - WARNING - Applied processor reduces input query to empty string, all comparisons will have score 0. [Query: '']
2024-10-30 23:01:49,815 - WARNING - Applied processor reduces input query to empty string, all comparisons will have score 0. [Query: '']
2024-10-30 23:01:49,819 - WARNING - Table 134 rejected: Does not meet criteria
2024-10-30 23:01:49,819 - INFO - Processing Table 135
2024-10-30 23:01:50,053 - WARNING - Applied processor reduces input query to empty string, all comparisons will have score 0. [Query: '']
2024-10-30 23:01:50,055 - ERROR - Error processing table 135: The truth value of a Series is ambiguous. Use a.empty, a.bool(), a.item(), a.any() or a.all().
2024-10-30 23:01:50,055 - INFO - Processing Table 136
2024-10-30 23:01:50,395 - WARNING - Applied processor reduces input query to empty string, all comparisons will have score 0. [Query: '']
2024-10-30 23:01:50,397 - WARNING - Table 136 rejected: Does not meet criteria
2024-10-30 23:01:50,397 - INFO - Processing Table 137
2024-10-30 23:01:50,529 - WARNING - Applied processor reduces input query to empty string, all comparisons will have score 0. [Query: '']
2024-10-30 23:01:50,530 - WARNING - Table 137 rejected: Does not meet criteria
2024-10-30 23:01:50,530 - INFO - Processing Table 138
2024-10-30 23:01:50,639 - WARNING - Table 138 rejected: Does not meet criteria
2024-10-30 23:01:50,639 - INFO - Processing Table 139
2024-10-30 23:01:50,806 - WARNING - Table 139 rejected: Does not meet criteria
2024-10-30 23:01:50,806 - INFO - Processing Table 140
2024-10-30 23:01:50,935 - WARNING - Applied processor reduces input query to empty string, all comparisons will have score 0. [Query: '']
2024-10-30 23:01:50,936 - WARNING - Applied processor reduces input query to empty string, all comparisons will have score 0. [Query: '']
2024-10-30 23:01:50,936 - WARNING - Applied processor reduces input query to empty string, all comparisons will have score 0. [Query: '']
2024-10-30 23:01:50,936 - WARNING - Applied processor reduces input query to empty string, all comparisons will have score 0. [Query: '']
2024-10-30 23:01:50,936 - WARNING - Applied processor reduces input query to empty string, all comparisons will have score 0. [Query: '']
2024-10-30 23:01:50,936 - WARNING - Applied processor reduces input query to empty string, all comparisons will have score 0. [Query: '']
2024-10-30 23:01:50,936 - WARNING - Applied processor reduces input query to empty string, all comparisons will have score 0. [Query: '']
2024-10-30 23:01:50,936 - WARNING - Applied processor reduces input query to empty string, all comparisons will have score 0. [Query: '']
2024-10-30 23:01:50,936 - WARNING - Table 140 rejected: Does not meet criteria
2024-10-30 23:01:50,936 - INFO - Processing Table 141
2024-10-30 23:01:51,026 - WARNING - Applied processor reduces input query to empty string, all comparisons will have score 0. [Query: '']
2024-10-30 23:01:51,026 - WARNING - Applied processor reduces input query to empty string, all comparisons will have score 0. [Query: '']
2024-10-30 23:01:51,026 - WARNING - Applied processor reduces input query to empty string, all comparisons will have score 0. [Query: '']
2024-10-30 23:01:51,027 - ERROR - Error processing table 141: The truth value of a Series is ambiguous. Use a.empty, a.bool(), a.item(), a.any() or a.all().
2024-10-30 23:01:51,027 - INFO - Processing Table 142
2024-10-30 23:01:51,228 - WARNING - Applied processor reduces input query to empty string, all comparisons will have score 0. [Query: '']
2024-10-30 23:01:51,228 - WARNING - Applied processor reduces input query to empty string, all comparisons will have score 0. [Query: '']
2024-10-30 23:01:51,228 - WARNING - Applied processor reduces input query to empty string, all comparisons will have score 0. [Query: '']
2024-10-30 23:01:51,228 - WARNING - Table 142 rejected: Does not meet criteria
2024-10-30 23:01:51,228 - INFO - Processing Table 143
2024-10-30 23:01:51,309 - WARNING - Table 143 rejected: Does not meet criteria
2024-10-30 23:01:51,309 - INFO - Processing Table 144
2024-10-30 23:01:51,375 - ERROR - Error processing table 144: The truth value of a Series is ambiguous. Use a.empty, a.bool(), a.item(), a.any() or a.all().
2024-10-30 23:01:51,375 - INFO - Processing Table 145
2024-10-30 23:01:51,857 - WARNING - Table 145 rejected: Does not meet criteria
2024-10-30 23:01:51,857 - INFO - Processing Table 146
2024-10-30 23:01:52,220 - WARNING - Table 146 rejected: Does not meet criteria
2024-10-30 23:01:52,220 - INFO - Processing Table 147
2024-10-30 23:01:52,657 - WARNING - Table 147 rejected: Does not meet criteria
2024-10-30 23:01:52,657 - INFO - Processing Table 148
2024-10-30 23:01:52,771 - WARNING - Table 148 rejected: Does not meet criteria
2024-10-30 23:01:52,771 - INFO - Processing Table 149
2024-10-30 23:01:53,014 - WARNING - Table 149 rejected: Does not meet criteria
2024-10-30 23:01:53,015 - INFO - Processing Table 150
2024-10-30 23:01:53,457 - WARNING - Applied processor reduces input query to empty string, all comparisons will have score 0. [Query: '']
2024-10-30 23:01:53,460 - WARNING - Table 150 rejected: Does not meet criteria
2024-10-30 23:01:53,460 - INFO - Processing Table 151
2024-10-30 23:01:54,055 - WARNING - Table 151 rejected: Does not meet criteria
2024-10-30 23:01:54,055 - INFO - Processing Table 152
2024-10-30 23:01:54,401 - WARNING - Table 152 rejected: Does not meet criteria
2024-10-30 23:01:54,401 - INFO - Processing Table 153
2024-10-30 23:01:54,881 - WARNING - Table 153 rejected: Does not meet criteria
2024-10-30 23:01:54,881 - INFO - Processing Table 154
2024-10-30 23:01:55,049 - WARNING - Applied processor reduces input query to empty string, all comparisons will have score 0. [Query: '']
2024-10-30 23:01:55,049 - WARNING - Applied processor reduces input query to empty string, all comparisons will have score 0. [Query: '']
2024-10-30 23:01:55,049 - WARNING - Applied processor reduces input query to empty string, all comparisons will have score 0. [Query: '']
2024-10-30 23:01:55,049 - WARNING - Applied processor reduces input query to empty string, all comparisons will have score 0. [Query: '']
2024-10-30 23:01:55,049 - WARNING - Applied processor reduces input query to empty string, all comparisons will have score 0. [Query: '']
2024-10-30 23:01:55,049 - WARNING - Applied processor reduces input query to empty string, all comparisons will have score 0. [Query: '']
2024-10-30 23:01:55,049 - WARNING - Applied processor reduces input query to empty string, all comparisons will have score 0. [Query: '']
2024-10-30 23:01:55,049 - WARNING - Applied processor reduces input query to empty string, all comparisons will have score 0. [Query: '']
2024-10-30 23:01:55,050 - WARNING - Table 154 rejected: Does not meet criteria
2024-10-30 23:01:55,050 - INFO - Processing Table 155
2024-10-30 23:01:55,325 - WARNING - Applied processor reduces input query to empty string, all comparisons will have score 0. [Query: '']
2024-10-30 23:01:55,326 - WARNING - Applied processor reduces input query to empty string, all comparisons will have score 0. [Query: '']
2024-10-30 23:01:55,326 - WARNING - Applied processor reduces input query to empty string, all comparisons will have score 0. [Query: '']
2024-10-30 23:01:55,326 - WARNING - Applied processor reduces input query to empty string, all comparisons will have score 0. [Query: '']
2024-10-30 23:01:55,326 - WARNING - Table 155 rejected: Does not meet criteria
2024-10-30 23:01:55,326 - INFO - Processing Table 156
2024-10-30 23:01:55,684 - WARNING - Applied processor reduces input query to empty string, all comparisons will have score 0. [Query: '']
2024-10-30 23:01:55,686 - WARNING - Table 156 rejected: Does not meet criteria
2024-10-30 23:01:55,686 - INFO - Processing Table 157
2024-10-30 23:01:55,907 - WARNING - Applied processor reduces input query to empty string, all comparisons will have score 0. [Query: '']
2024-10-30 23:01:55,908 - WARNING - Table 157 rejected: Does not meet criteria
2024-10-30 23:01:55,908 - INFO - Processing Table 158
2024-10-30 23:01:56,254 - WARNING - Applied processor reduces input query to empty string, all comparisons will have score 0. [Query: '']
2024-10-30 23:01:56,256 - WARNING - Table 158 rejected: Does not meet criteria
2024-10-30 23:01:56,256 - INFO - Processing Table 159
2024-10-30 23:01:56,364 - WARNING - Applied processor reduces input query to empty string, all comparisons will have score 0. [Query: '']
2024-10-30 23:01:56,365 - WARNING - Table 159 rejected: Does not meet criteria
2024-10-30 23:01:56,365 - INFO - Processing Table 160
2024-10-30 23:01:56,586 - WARNING - Table 160 rejected: Does not meet criteria
2024-10-30 23:01:56,586 - INFO - Processing Table 161
2024-10-30 23:01:56,742 - WARNING - Table 161 rejected: Does not meet criteria
2024-10-30 23:01:56,742 - INFO - Processing Table 162
2024-10-30 23:01:56,986 - WARNING - Table 162 rejected: Does not meet criteria
2024-10-30 23:01:56,987 - INFO - Processing Table 163
2024-10-30 23:01:57,338 - WARNING - Table 163 rejected: Does not meet criteria
2024-10-30 23:01:57,338 - INFO - Processing complete. 3 valid tables saved.
